JO,Duty Title,Preference,Popularity,Type,Unit Activity,DML,DMSL,UIC,UIC Description,Position,City,State,POSCO,Grade,ASI,SQI,Position Labels,Zip,Latitude,Longitude,Interested_Officers,Market_Count,Raw_Popularity,Normalized_Popularity,Grade_Score,Competition_Score,Nearby_Jobs,Location_Score,Opportunity_Score,Assignment_Kind,Assignment_ID,Current_Internet_Down_Mbps,Current_Internet_Up_Mbps,Current_Internet_Notes,Support_City,Support_State,Support_Latitude,Support_Longitude,Support_Distance_Miles,Support_City_Score,Population,Population_Growth,Retail_Status,Retail_Points,Retail_Max_Points,Retail_Score,Starbucks,Target,Chick-fil-A,Starbucks_Distance_Miles,Target_Distance_Miles,Chick-fil-A_Distance_Miles,Available_Weight,Demographics_Status,Support_Status,State_Capital,Capital_Latitude,Capital_Longitude,Capital_Distance_Miles,Airport_Name,Airport_Code,Airport_Latitude,Airport_Longitude,Airport_Distance_Miles,Airport_Service_Period,Airport_Status,Community_County,Community_County_FIPS,Internet_Coverage_Pct,Internet_Score,Internet_Status,Internet_Requirement,Tech_Workers,Tech_Worker_Share,Tech_Location_Quotient,Tech_Community_Score,Tech_Status,Tech_Environment_Score,Tech_Environment_Status,Internet_Data_Vintage,Tech_Data_Vintage,Community_Data_Scope,Community_Model,School_Name,School_NCES_ID,School_Enrollment,School_Enrollment_Year,School_Selection_Status,School_Arts,School_Sciences,School_College_Prep,School_Arts_Delta,School_Sciences_Delta,School_College_Prep_Delta,School_SAT,School_SAT_Year,School_Status,School_Notes,School_Source,School_Sources,School_Model,School_Arts_Range,School_Sciences_Range,School_Data_As_Of,School_AP_Courses,School_Dual_Enrollment,School_Offerings_Year,School_SAT_Status,School_SAT_Source,School_SAT_Participation,School_SAT_Notes
2937420,SOFTWARE DEV/ENG,19.0,0.032258064516129,Manual,1/93,CAC,CAC,W0VPAA,W0VP USA CAC   FT LEAV,D0061718,FT LEAVENWORTH,KS,O49A,O4,,,,66027,39.3603878,-94.9253096,3.0,93.0,0.032258064516129,0.1764705882352941,1.0,0.8235294117647058,13.0,0.9518387305144008,91.9,Market,2937420,,,,Kansas City,KS,39.11417,-94.62746,23.3,84.3,152933.0,,Available,3.0,3.0,1.0,True,True,True,2.6,6.6,6.9,0.85,Unmatched,Evaluated,Topeka,39.0473,-95.6752,45.6,Kansas City International Airport,MCI,39.301699,-94.713893,13.8,2025-01 to 2025-12,Reported scheduled international service,Wyandotte County,20209,96.7,96.7,Regional screen met,Address verification required,1960.0,0.0247487246830648,0.653,32.6,ACS county resident estimate,77.5,Provisional regional proxy,"Percentage of population with access to fixed terrestrial broadband service at 100/20 Mbps or higher advertised speeds, as of June 2024.",2020–2024 ACS 5-year,"County containing the support-city center; regional proxy, not city/address data",community-v1,Wyandotte High,200795001420,1903.0,2024-25,Provisional city proxy — boundary/admission review pending,2.0,4.0,,-6.0,-3.0,,,,Provisional — partial evidence,"Public high-school enrollment screen. Grades 9–12. Postal-city candidates require geographic review; largest eligible campus is not yet certified. School attendance depends on home address. Arts/STEM scores are evidence floors, not final ratings; unresolved higher levels remain possible. No baseline pass/fail classification is made. SAT participation is confidence context; blank scores mean unverified; see SAT lookup status.",https://wyandotte.kckschools.org/about/faculty-staff,"[""https://educationdata.urban.org/api/v1/schools/ccd/directory/2024/?ncessch=200795001420"", ""https://educationdata.urban.org/api/v1/schools/crdc/offerings/2021/?ncessch=200795001420"", ""https://wyandotte.kckschools.org/about/faculty-staff""]",1.0-screening,"[2, 10]","[4, 10]",2026-09-27,3.0,Yes,2021-22,Not yet researched,,,No automated provider configured; blank is not evidence of unavailable scores.
2856352,Combat Operations Analyst,26.0,0.053763440860215,Manual,0/93,AFC,RAC,W4AE03,W4AE TRAC FLVN,D0123538,FT LEAVENWORTH,KS,O49A,O4,,,,66027,39.3603878,-94.9253096,5.0,93.0,0.053763440860215,0.2941176470588235,1.0,0.7058823529411764,13.0,0.9518387305144008,87.8,Market,2856352,,,,Kansas City,KS,39.11417,-94.62746,23.3,84.3,152933.0,,Available,3.0,3.0,1.0,True,True,True,2.6,6.6,6.9,0.85,Unmatched,Evaluated,Topeka,39.0473,-95.6752,45.6,Kansas City International Airport,MCI,39.301699,-94.713893,13.8,2025-01 to 2025-12,Reported scheduled international service,Wyandotte County,20209,96.7,96.7,Regional screen met,Address verification required,1960.0,0.0247487246830648,0.653,32.6,ACS county resident estimate,77.5,Provisional regional proxy,"Percentage of population with access to fixed terrestrial broadband service at 100/20 Mbps or higher advertised speeds, as of June 2024.",2020–2024 ACS 5-year,"County containing the support-city center; regional proxy, not city/address data",community-v1,Wyandotte High,200795001420,1903.0,2024-25,Provisional city proxy — boundary/admission review pending,2.0,4.0,,-6.0,-3.0,,,,Provisional — partial evidence,"Public high-school enrollment screen. Grades 9–12. Postal-city candidates require geographic review; largest eligible campus is not yet certified. School attendance depends on home address. Arts/STEM scores are evidence floors, not final ratings; unresolved higher levels remain possible. No baseline pass/fail classification is made. SAT participation is confidence context; blank scores mean unverified; see SAT lookup status.",https://wyandotte.kckschools.org/about/faculty-staff,"[""https://educationdata.urban.org/api/v1/schools/ccd/directory/2024/?ncessch=200795001420"", ""https://educationdata.urban.org/api/v1/schools/crdc/offerings/2021/?ncessch=200795001420"", ""https://wyandotte.kckschools.org/about/faculty-staff""]",1.0-screening,"[2, 10]","[4, 10]",2026-09-27,3.0,Yes,2021-22,Not yet researched,,,No automated provider configured; blank is not evidence of unavailable scores.
2856657,Combat Operations Analyst,23.0,0.053763440860215,Manual,0/93,AFC,RAC,W4AE03,W4AE TRAC FLVN,D0113224,FT LEAVENWORTH,KS,O49A,O4,,,,66027,39.3603878,-94.9253096,5.0,93.0,0.053763440860215,0.2941176470588235,1.0,0.7058823529411764,13.0,0.9518387305144008,87.8,Market,2856657,,,,Kansas City,KS,39.11417,-94.62746,23.3,84.3,152933.0,,Available,3.0,3.0,1.0,True,True,True,2.6,6.6,6.9,0.85,Unmatched,Evaluated,Topeka,39.0473,-95.6752,45.6,Kansas City International Airport,MCI,39.301699,-94.713893,13.8,2025-01 to 2025-12,Reported scheduled international service,Wyandotte County,20209,96.7,96.7,Regional screen met,Address verification required,1960.0,0.0247487246830648,0.653,32.6,ACS county resident estimate,77.5,Provisional regional proxy,"Percentage of population with access to fixed terrestrial broadband service at 100/20 Mbps or higher advertised speeds, as of June 2024.",2020–2024 ACS 5-year,"County containing the support-city center; regional proxy, not city/address data",community-v1,Wyandotte High,200795001420,1903.0,2024-25,Provisional city proxy — boundary/admission review pending,2.0,4.0,,-6.0,-3.0,,,,Provisional — partial evidence,"Public high-school enrollment screen. Grades 9–12. Postal-city candidates require geographic review; largest eligible campus is not yet certified. School attendance depends on home address. Arts/STEM scores are evidence floors, not final ratings; unresolved higher levels remain possible. No baseline pass/fail classification is made. SAT participation is confidence context; blank scores mean unverified; see SAT lookup status.",https://wyandotte.kckschools.org/about/faculty-staff,"[""https://educationdata.urban.org/api/v1/schools/ccd/directory/2024/?ncessch=200795001420"", ""https://educationdata.urban.org/api/v1/schools/crdc/offerings/2021/?ncessch=200795001420"", ""https://wyandotte.kckschools.org/about/faculty-staff""]",1.0-screening,"[2, 10]","[4, 10]",2026-09-27,3.0,Yes,2021-22,Not yet researched,,,No automated provider configured; blank is not evidence of unavailable scores.
2581027,Combat Operations Analyst,31.0,0.064516129032258,Manual,0/93,AFC,RAC,W4AE03,W4AE TRAC FLVN,D0020714,FT LEAVENWORTH,KS,O49A,O4,,,,66027,39.3603878,-94.9253096,6.0,93.0,0.064516129032258,0.3529411764705882,1.0,0.6470588235294118,13.0,0.9518387305144008,85.7,Market,2581027,,,,Kansas City,KS,39.11417,-94.62746,23.3,84.3,152933.0,,Available,3.0,3.0,1.0,True,True,True,2.6,6.6,6.9,0.85,Unmatched,Evaluated,Topeka,39.0473,-95.6752,45.6,Kansas City International Airport,MCI,39.301699,-94.713893,13.8,2025-01 to 2025-12,Reported scheduled international service,Wyandotte County,20209,96.7,96.7,Regional screen met,Address verification required,1960.0,0.0247487246830648,0.653,32.6,ACS county resident estimate,77.5,Provisional regional proxy,"Percentage of population with access to fixed terrestrial broadband service at 100/20 Mbps or higher advertised speeds, as of June 2024.",2020–2024 ACS 5-year,"County containing the support-city center; regional proxy, not city/address data",community-v1,Wyandotte High,200795001420,1903.0,2024-25,Provisional city proxy — boundary/admission review pending,2.0,4.0,,-6.0,-3.0,,,,Provisional — partial evidence,"Public high-school enrollment screen. Grades 9–12. Postal-city candidates require geographic review; largest eligible campus is not yet certified. School attendance depends on home address. Arts/STEM scores are evidence floors, not final ratings; unresolved higher levels remain possible. No baseline pass/fail classification is made. SAT participation is confidence context; blank scores mean unverified; see SAT lookup status.",https://wyandotte.kckschools.org/about/faculty-staff,"[""https://educationdata.urban.org/api/v1/schools/ccd/directory/2024/?ncessch=200795001420"", ""https://educationdata.urban.org/api/v1/schools/crdc/offerings/2021/?ncessch=200795001420"", ""https://wyandotte.kckschools.org/about/faculty-staff""]",1.0-screening,"[2, 10]","[4, 10]",2026-09-27,3.0,Yes,2021-22,Not yet researched,,,No automated provider configured; blank is not evidence of unavailable scores.
2856370,Combat Operations Analyst,27.0,0.064516129032258,Manual,0/93,AFC,RAC,W4AE03,W4AE TRAC FLVN,D0123540,FT LEAVENWORTH,KS,O49A,O4,,,,66027,39.3603878,-94.9253096,6.0,93.0,0.064516129032258,0.3529411764705882,1.0,0.6470588235294118,13.0,0.9518387305144008,85.7,Market,2856370,,,,Kansas City,KS,39.11417,-94.62746,23.3,84.3,152933.0,,Available,3.0,3.0,1.0,True,True,True,2.6,6.6,6.9,0.85,Unmatched,Evaluated,Topeka,39.0473,-95.6752,45.6,Kansas City International Airport,MCI,39.301699,-94.713893,13.8,2025-01 to 2025-12,Reported scheduled international service,Wyandotte County,20209,96.7,96.7,Regional screen met,Address verification required,1960.0,0.0247487246830648,0.653,32.6,ACS county resident estimate,77.5,Provisional regional proxy,"Percentage of population with access to fixed terrestrial broadband service at 100/20 Mbps or higher advertised speeds, as of June 2024.",2020–2024 ACS 5-year,"County containing the support-city center; regional proxy, not city/address data",community-v1,Wyandotte High,200795001420,1903.0,2024-25,Provisional city proxy — boundary/admission review pending,2.0,4.0,,-6.0,-3.0,,,,Provisional — partial evidence,"Public high-school enrollment screen. Grades 9–12. Postal-city candidates require geographic review; largest eligible campus is not yet certified. School attendance depends on home address. Arts/STEM scores are evidence floors, not final ratings; unresolved higher levels remain possible. No baseline pass/fail classification is made. SAT participation is confidence context; blank scores mean unverified; see SAT lookup status.",https://wyandotte.kckschools.org/about/faculty-staff,"[""https://educationdata.urban.org/api/v1/schools/ccd/directory/2024/?ncessch=200795001420"", ""https://educationdata.urban.org/api/v1/schools/crdc/offerings/2021/?ncessch=200795001420"", ""https://wyandotte.kckschools.org/about/faculty-staff""]",1.0-screening,"[2, 10]","[4, 10]",2026-09-27,3.0,Yes,2021-22,Not yet researched,,,No automated provider configured; blank is not evidence of unavailable scores.
2856379,Combat Operations Analyst,30.0,0.064516129032258,Manual,0/93,AFC,RAC,W4AE03,W4AE TRAC FLVN,D0123558,FT LEAVENWORTH,KS,O49A,O4,,,,66027,39.3603878,-94.9253096,6.0,93.0,0.064516129032258,0.3529411764705882,1.0,0.6470588235294118,13.0,0.9518387305144008,85.7,Market,2856379,,,,Kansas City,KS,39.11417,-94.62746,23.3,84.3,152933.0,,Available,3.0,3.0,1.0,True,True,True,2.6,6.6,6.9,0.85,Unmatched,Evaluated,Topeka,39.0473,-95.6752,45.6,Kansas City International Airport,MCI,39.301699,-94.713893,13.8,2025-01 to 2025-12,Reported scheduled international service,Wyandotte County,20209,96.7,96.7,Regional screen met,Address verification required,1960.0,0.0247487246830648,0.653,32.6,ACS county resident estimate,77.5,Provisional regional proxy,"Percentage of population with access to fixed terrestrial broadband service at 100/20 Mbps or higher advertised speeds, as of June 2024.",2020–2024 ACS 5-year,"County containing the support-city center; regional proxy, not city/address data",community-v1,Wyandotte High,200795001420,1903.0,2024-25,Provisional city proxy — boundary/admission review pending,2.0,4.0,,-6.0,-3.0,,,,Provisional — partial evidence,"Public high-school enrollment screen. Grades 9–12. Postal-city candidates require geographic review; largest eligible campus is not yet certified. School attendance depends on home address. Arts/STEM scores are evidence floors, not final ratings; unresolved higher levels remain possible. No baseline pass/fail classification is made. SAT participation is confidence context; blank scores mean unverified; see SAT lookup status.",https://wyandotte.kckschools.org/about/faculty-staff,"[""https://educationdata.urban.org/api/v1/schools/ccd/directory/2024/?ncessch=200795001420"", ""https://educationdata.urban.org/api/v1/schools/crdc/offerings/2021/?ncessch=200795001420"", ""https://wyandotte.kckschools.org/about/faculty-staff""]",1.0-screening,"[2, 10]","[4, 10]",2026-09-27,3.0,Yes,2021-22,Not yet researched,,,No automated provider configured; blank is not evidence of unavailable scores.
2581015,Combat Operations Analyst,22.0,0.075268817204301,Manual,0/93,AFC,RAC,W4AE03,W4AE TRAC FLVN,D0020710,FT LEAVENWORTH,KS,O49A,O4,,,,66027,39.3603878,-94.9253096,7.0,93.0,0.075268817204301,0.4117647058823529,1.0,0.5882352941176471,13.0,0.9518387305144008,83.7,Market,2581015,,,,Kansas City,KS,39.11417,-94.62746,23.3,84.3,152933.0,,Available,3.0,3.0,1.0,True,True,True,2.6,6.6,6.9,0.85,Unmatched,Evaluated,Topeka,39.0473,-95.6752,45.6,Kansas City International Airport,MCI,39.301699,-94.713893,13.8,2025-01 to 2025-12,Reported scheduled international service,Wyandotte County,20209,96.7,96.7,Regional screen met,Address verification required,1960.0,0.0247487246830648,0.653,32.6,ACS county resident estimate,77.5,Provisional regional proxy,"Percentage of population with access to fixed terrestrial broadband service at 100/20 Mbps or higher advertised speeds, as of June 2024.",2020–2024 ACS 5-year,"County containing the support-city center; regional proxy, not city/address data",community-v1,Wyandotte High,200795001420,1903.0,2024-25,Provisional city proxy — boundary/admission review pending,2.0,4.0,,-6.0,-3.0,,,,Provisional — partial evidence,"Public high-school enrollment screen. Grades 9–12. Postal-city candidates require geographic review; largest eligible campus is not yet certified. School attendance depends on home address. Arts/STEM scores are evidence floors, not final ratings; unresolved higher levels remain possible. No baseline pass/fail classification is made. SAT participation is confidence context; blank scores mean unverified; see SAT lookup status.",https://wyandotte.kckschools.org/about/faculty-staff,"[""https://educationdata.urban.org/api/v1/schools/ccd/directory/2024/?ncessch=200795001420"", ""https://educationdata.urban.org/api/v1/schools/crdc/offerings/2021/?ncessch=200795001420"", ""https://wyandotte.kckschools.org/about/faculty-staff""]",1.0-screening,"[2, 10]","[4, 10]",2026-09-27,3.0,Yes,2021-22,Not yet researched,,,No automated provider configured; blank is not evidence of unavailable scores.
2581021,Combat Operations Analyst,28.0,0.075268817204301,Manual,0/93,AFC,RAC,W4AE03,W4AE TRAC FLVN,D0020711,FT LEAVENWORTH,KS,O49A,O4,,,,66027,39.3603878,-94.9253096,7.0,93.0,0.075268817204301,0.4117647058823529,1.0,0.5882352941176471,13.0,0.9518387305144008,83.7,Market,2581021,,,,Kansas City,KS,39.11417,-94.62746,23.3,84.3,152933.0,,Available,3.0,3.0,1.0,True,True,True,2.6,6.6,6.9,0.85,Unmatched,Evaluated,Topeka,39.0473,-95.6752,45.6,Kansas City International Airport,MCI,39.301699,-94.713893,13.8,2025-01 to 2025-12,Reported scheduled international service,Wyandotte County,20209,96.7,96.7,Regional screen met,Address verification required,1960.0,0.0247487246830648,0.653,32.6,ACS county resident estimate,77.5,Provisional regional proxy,"Percentage of population with access to fixed terrestrial broadband service at 100/20 Mbps or higher advertised speeds, as of June 2024.",2020–2024 ACS 5-year,"County containing the support-city center; regional proxy, not city/address data",community-v1,Wyandotte High,200795001420,1903.0,2024-25,Provisional city proxy — boundary/admission review pending,2.0,4.0,,-6.0,-3.0,,,,Provisional — partial evidence,"Public high-school enrollment screen. Grades 9–12. Postal-city candidates require geographic review; largest eligible campus is not yet certified. School attendance depends on home address. Arts/STEM scores are evidence floors, not final ratings; unresolved higher levels remain possible. No baseline pass/fail classification is made. SAT participation is confidence context; blank scores mean unverified; see SAT lookup status.",https://wyandotte.kckschools.org/about/faculty-staff,"[""https://educationdata.urban.org/api/v1/schools/ccd/directory/2024/?ncessch=200795001420"", ""https://educationdata.urban.org/api/v1/schools/crdc/offerings/2021/?ncessch=200795001420"", ""https://wyandotte.kckschools.org/about/faculty-staff""]",1.0-screening,"[2, 10]","[4, 10]",2026-09-27,3.0,Yes,2021-22,Not yet researched,,,No automated provider configured; blank is not evidence of unavailable scores.
2581041,Combat Operations Analyst,25.0,0.075268817204301,Manual,0/93,AFC,RAC,W4AE03,W4AE TRAC FLVN,D0020716,FT LEAVENWORTH,KS,O49A,O4,,,,66027,39.3603878,-94.9253096,7.0,93.0,0.075268817204301,0.4117647058823529,1.0,0.5882352941176471,13.0,0.9518387305144008,83.7,Market,2581041,,,,Kansas City,KS,39.11417,-94.62746,23.3,84.3,152933.0,,Available,3.0,3.0,1.0,True,True,True,2.6,6.6,6.9,0.85,Unmatched,Evaluated,Topeka,39.0473,-95.6752,45.6,Kansas City International Airport,MCI,39.301699,-94.713893,13.8,2025-01 to 2025-12,Reported scheduled international service,Wyandotte County,20209,96.7,96.7,Regional screen met,Address verification required,1960.0,0.0247487246830648,0.653,32.6,ACS county resident estimate,77.5,Provisional regional proxy,"Percentage of population with access to fixed terrestrial broadband service at 100/20 Mbps or higher advertised speeds, as of June 2024.",2020–2024 ACS 5-year,"County containing the support-city center; regional proxy, not city/address data",community-v1,Wyandotte High,200795001420,1903.0,2024-25,Provisional city proxy — boundary/admission review pending,2.0,4.0,,-6.0,-3.0,,,,Provisional — partial evidence,"Public high-school enrollment screen. Grades 9–12. Postal-city candidates require geographic review; largest eligible campus is not yet certified. School attendance depends on home address. Arts/STEM scores are evidence floors, not final ratings; unresolved higher levels remain possible. No baseline pass/fail classification is made. SAT participation is confidence context; blank scores mean unverified; see SAT lookup status.",https://wyandotte.kckschools.org/about/faculty-staff,"[""https://educationdata.urban.org/api/v1/schools/ccd/directory/2024/?ncessch=200795001420"", ""https://educationdata.urban.org/api/v1/schools/crdc/offerings/2021/?ncessch=200795001420"", ""https://wyandotte.kckschools.org/about/faculty-staff""]",1.0-screening,"[2, 10]","[4, 10]",2026-09-27,3.0,Yes,2021-22,Not yet researched,,,No automated provider configured; blank is not evidence of unavailable scores.
2856683,ORSA Officer,13.0,0.086021505376344,Manual,0/93,CBC,CBC,W6HWAA,W6HW   USAE USCYBERCOM,D0113227,FT GEORGE MEADE,MD,O49A,O4,,,,20755,39.1022704,-76.7462558,8.0,93.0,0.086021505376344,0.4705882352941177,1.0,0.5294117647058822,12.0,0.925109929535273,80.5,Market,2856683,,,,Glen Burnie,MD,39.16261,-76.62469,7.7,85.4,72590.0,0.0389,Available,3.0,3.0,1.0,True,True,True,1.1,2.1,1.8,1.0,Available,Partial data,Annapolis,38.9784,-76.4922,16.1,Baltimore/Washington International Thurgood Marshall Airport,BWI,39.1754,-76.668297,2.5,2025-01 to 2025-12,Reported scheduled international service,Anne Arundel County,24003,99.3,99.3,Regional screen met,Address verification required,23076.0,0.0752136529272569,1.984,99.2,ACS county resident estimate,99.3,Provisional regional proxy,"Percentage of population with access to fixed terrestrial broadband service at 100/20 Mbps or higher advertised speeds, as of June 2024.",2020–2024 ACS 5-year,"County containing the support-city center; regional proxy, not city/address data",community-v1,Glen Burnie High,240006000075,2226.0,2024-25,Provisional city proxy — boundary/admission review pending,3.0,4.0,,-5.0,-3.0,,,,Provisional — partial evidence,"Public high-school enrollment screen. Grades 9–12. Postal-city candidates require geographic review; largest eligible campus is not yet certified. School attendance depends on home address. Arts/STEM scores are evidence floors, not final ratings; unresolved higher levels remain possible. No baseline pass/fail classification is made. SAT participation is confidence context; blank scores mean unverified; see SAT lookup status.",https://glenburniehs.org/ourpages/auto/2019/10/30/35222320/GBHS%20Program%20of%20Study%20Final%20Draft%2021-22%20_1_.pdf,"[""https://educationdata.urban.org/api/v1/schools/ccd/directory/2024/?ncessch=240006000075"", ""https://educationdata.urban.org/api/v1/schools/crdc/offerings/2021/?ncessch=240006000075"", ""https://glenburniehs.org/ourpages/auto/2019/10/30/35222320/GBHS%20Program%20of%20Study%20Final%20Draft%2021-22%20_1_.pdf""]",1.0-screening,"[3, 10]","[4, 10]",2026-09-27,17.0,Yes,2021-22,Not yet researched,,,No automated provider configured; blank is not evidence of unavailable scores.
2856501,SR ANALYST OFF,71.0,0.0,Manual,0/93,AFC,CFT,W0HFAA,W0HF TM A&MD CFT,D0031903,FORT SILL,OK,O49A,O4,,,,73503,34.7027408,-98.5074309,0.0,93.0,0.0,0.0,1.0,1.0,3.0,0.5,80.0,Market,2856501,,,,Lawton,OK,34.60869,-98.39033,9.3,77.3,90595.0,-0.0364,Available,3.0,3.0,1.0,True,True,True,3.1,6.2,2.3,1.0,Available,Partial data,Oklahoma City,35.4676,-97.5164,77.0,Dallas Fort Worth International Airport,DFW,32.896801,-97.038002,141.5,2025-01 to 2025-12,Reported scheduled international service,Comanche County,40031,99.1,99.1,Regional screen met,Address verification required,895.0,0.0198540340291488,0.524,26.2,ACS county resident estimate,77.2,Provisional regional proxy,"Percentage of population with access to fixed terrestrial broadband service at 100/20 Mbps or higher advertised speeds, as of June 2024.",2020–2024 ACS 5-year,"County containing the support-city center; regional proxy, not city/address data",community-v1,EISENHOWER HS,401725000809,1466.0,2024-25,Provisional city proxy — boundary/admission review pending,,4.0,,,-3.0,,,,Provisional — partial evidence,"Public high-school enrollment screen. Grades 9–12. Postal-city candidates require geographic review; largest eligible campus is not yet certified. School attendance depends on home address. Arts/STEM scores are evidence floors, not final ratings; unresolved higher levels remain possible. No baseline pass/fail classification is made. SAT participation is confidence context; blank scores mean unverified; see SAT lookup status.",https://educationdata.urban.org/api/v1/schools/ccd/directory/2024/?ncessch=401725000809,"[""https://educationdata.urban.org/api/v1/schools/ccd/directory/2024/?ncessch=401725000809"", ""https://educationdata.urban.org/api/v1/schools/crdc/offerings/2021/?ncessch=401725000809""]",1.0-screening,"[1, 10]","[4, 10]",2026-09-27,14.0,Yes,2021-22,Not yet researched,,,No automated provider configured; blank is not evidence of unavailable scores.
2856521,FIRES ANALYST,70.0,0.0,Manual,0/93,AFC,CFT,W0HAAA,W0HA TM LRPF CFT,D0047076,FORT SILL,OK,O49A,O4,,,,73503,34.7027408,-98.5074309,0.0,93.0,0.0,0.0,1.0,1.0,3.0,0.5,80.0,Market,2856521,,,,Lawton,OK,34.60869,-98.39033,9.3,77.3,90595.0,-0.0364,Available,3.0,3.0,1.0,True,True,True,3.1,6.2,2.3,1.0,Available,Partial data,Oklahoma City,35.4676,-97.5164,77.0,Dallas Fort Worth International Airport,DFW,32.896801,-97.038002,141.5,2025-01 to 2025-12,Reported scheduled international service,Comanche County,40031,99.1,99.1,Regional screen met,Address verification required,895.0,0.0198540340291488,0.524,26.2,ACS county resident estimate,77.2,Provisional regional proxy,"Percentage of population with access to fixed terrestrial broadband service at 100/20 Mbps or higher advertised speeds, as of June 2024.",2020–2024 ACS 5-year,"County containing the support-city center; regional proxy, not city/address data",community-v1,EISENHOWER HS,401725000809,1466.0,2024-25,Provisional city proxy — boundary/admission review pending,,4.0,,,-3.0,,,,Provisional — partial evidence,"Public high-school enrollment screen. Grades 9–12. Postal-city candidates require geographic review; largest eligible campus is not yet certified. School attendance depends on home address. Arts/STEM scores are evidence floors, not final ratings; unresolved higher levels remain possible. No baseline pass/fail classification is made. SAT participation is confidence context; blank scores mean unverified; see SAT lookup status.",https://educationdata.urban.org/api/v1/schools/ccd/directory/2024/?ncessch=401725000809,"[""https://educationdata.urban.org/api/v1/schools/ccd/directory/2024/?ncessch=401725000809"", ""https://educationdata.urban.org/api/v1/schools/crdc/offerings/2021/?ncessch=401725000809""]",1.0-screening,"[1, 10]","[4, 10]",2026-09-27,14.0,Yes,2021-22,Not yet researched,,,No automated provider configured; blank is not evidence of unavailable scores.
2856717,ORSA Officer,57.0,0.0,Manual,0/93,82D,H82,WAA6AA,0082 AR HQ     DIV HQ AND HQ B,D0113263,FT BRAGG,NC,O49A,O4,,,,28310,35.140311,-79.1541465,0.0,93.0,0.0,0.0,1.0,1.0,3.0,0.5,80.0,Market,2856717,,,,Fayetteville,NC,35.05266,-78.87836,16.7,76.0,210815.0,0.0018,Available,3.0,3.0,1.0,True,True,True,4.7,5.5,1.6,1.0,Available,Partial data,Raleigh,35.7796,-78.6382,52.9,Raleigh-Durham International Airport,RDU,35.878659,-78.7873,57.3,2025-01 to 2025-12,Reported scheduled international service,Cumberland County,37051,96.9,96.9,Regional screen met,Address verification required,3238.0,0.0258411543127114,0.682,34.1,ACS county resident estimate,78.1,Provisional regional proxy,"Percentage of population with access to fixed terrestrial broadband service at 100/20 Mbps or higher advertised speeds, as of June 2024.",2020–2024 ACS 5-year,"County containing the support-city center; regional proxy, not city/address data",community-v1,Jack Britt High,370001102512,1940.0,2024-25,Provisional city proxy — boundary/admission review pending,2.0,4.0,,-6.0,-3.0,,,,Provisional — partial evidence,"Public high-school enrollment screen. Grades 9–12. Postal-city candidates require geographic review; largest eligible campus is not yet certified. School attendance depends on home address. Arts/STEM scores are evidence floors, not final ratings; unresolved higher levels remain possible. No baseline pass/fail classification is made. SAT participation is confidence context; blank scores mean unverified; see SAT lookup status.",https://ares.ccs.k12.nc.us/o/jb/staff?page_no=4,"[""https://ares.ccs.k12.nc.us/o/jb/staff?page_no=4"", ""https://educationdata.urban.org/api/v1/schools/ccd/directory/2024/?ncessch=370001102512"", ""https://educationdata.urban.org/api/v1/schools/crdc/offerings/2021/?ncessch=370001102512""]",1.0-screening,"[2, 10]","[4, 10]",2026-09-27,14.0,Yes,2021-22,Research incomplete,,,NC DPI SAT page provides state results; campus result still needs a school/district source.
2856666,ORSA Officer,49.0,0.1075268817204301,Manual,0/93,ARS,DCP,W6APAA,"W6AP OFC DEP CHIEF STAFF, G-8",D0113225,PENTAGON,VA,O49A,O4,,,,20310,38.8691306,-77.054076,10.0,93.0,0.1075268817204301,0.5882352941176471,1.0,0.4117647058823529,15.0,1.0,79.4,Market,2856666,,,,Bethesda,MD,38.98067,-77.10026,8.1,87.7,69397.0,0.0981,Available,3.0,3.0,1.0,True,True,True,0.2,0.5,2.5,1.0,Available,Partial data,Richmond,37.5407,-77.436,94.1,Ronald Reagan Washington National Airport,DCA,38.8521,-77.037697,9.5,2025-01 to 2025-12,Reported scheduled international service,Montgomery County,24031,99.8,99.8,Regional screen met,Address verification required,45799.0,0.0815427948780036,2.151,100.0,ACS county resident estimate,99.9,Provisional regional proxy,"Percentage of population with access to fixed terrestrial broadband service at 100/20 Mbps or higher advertised speeds, as of June 2024.",2020–2024 ACS 5-year,"County containing the support-city center; regional proxy, not city/address data",community-v1,Bethesda-Chevy Chase High,240048000784,2377.0,2024-25,Provisional city proxy — boundary/admission review pending,2.0,5.0,6.0,-6.0,-2.0,2.0,1160.0,2024 graduates,Provisional screening,"Public high-school enrollment screen. Grades 9–12. Postal-city candidates require geographic review; largest eligible campus is not yet certified. School attendance depends on home address. B-CC selected for central Bethesda; Walter Johnson postal address is a different surrounding community. Legacy course-profile listings require current confirmation. Arts/STEM scores are evidence floors, not final ratings; unresolved higher levels remain possible. No baseline pass/fail classification is made. SAT participation is confidence context; blank scores mean unverified; see SAT lookup status.",https://www.montgomeryschoolsmd.org/schools/bcchs/about/bccprofile,"[""https://educationdata.urban.org/api/v1/schools/ccd/directory/2024/?ncessch=240048000784"", ""https://educationdata.urban.org/api/v1/schools/crdc/offerings/2021/?ncessch=240048000784"", ""https://ww2.montgomeryschoolsmd.org/departments/sharedaccountability/reports/2025/250109_2024%20SAT_ACT_Part%20and%20Perf.pdf"", ""https://www.montgomeryschoolsmd.org/schools/bcchs/about/bccprofile""]",1.0-screening,"[2, 10]","[5, 10]",2026-09-27,22.0,Yes,2021-22,Verified source,https://ww2.montgomeryschoolsmd.org/departments/sharedaccountability/reports/2025/250109_2024%20SAT_ACT_Part%20and%20Perf.pdf,"{""tested_count"": 442, ""percentage"": 79.6, ""denominator_note"": ""2024 graduates""}",Reviewed official campus result; PDF extraction not yet automated.
2856676,ORSA PGM ANALYST,50.0,0.1075268817204301,Manual,0/93,ARS,DCP,W6APAA,"W6AP OFC DEP CHIEF STAFF, G-8",D0113226,PENTAGON,VA,O49A,O4,,,,20310,38.8691306,-77.054076,10.0,93.0,0.1075268817204301,0.5882352941176471,1.0,0.4117647058823529,15.0,1.0,79.4,Market,2856676,,,,Bethesda,MD,38.98067,-77.10026,8.1,87.7,69397.0,0.0981,Available,3.0,3.0,1.0,True,True,True,0.2,0.5,2.5,1.0,Available,Partial data,Richmond,37.5407,-77.436,94.1,Ronald Reagan Washington National Airport,DCA,38.8521,-77.037697,9.5,2025-01 to 2025-12,Reported scheduled international service,Montgomery County,24031,99.8,99.8,Regional screen met,Address verification required,45799.0,0.0815427948780036,2.151,100.0,ACS county resident estimate,99.9,Provisional regional proxy,"Percentage of population with access to fixed terrestrial broadband service at 100/20 Mbps or higher advertised speeds, as of June 2024.",2020–2024 ACS 5-year,"County containing the support-city center; regional proxy, not city/address data",community-v1,Bethesda-Chevy Chase High,240048000784,2377.0,2024-25,Provisional city proxy — boundary/admission review pending,2.0,5.0,6.0,-6.0,-2.0,2.0,1160.0,2024 graduates,Provisional screening,"Public high-school enrollment screen. Grades 9–12. Postal-city candidates require geographic review; largest eligible campus is not yet certified. School attendance depends on home address. B-CC selected for central Bethesda; Walter Johnson postal address is a different surrounding community. Legacy course-profile listings require current confirmation. Arts/STEM scores are evidence floors, not final ratings; unresolved higher levels remain possible. No baseline pass/fail classification is made. SAT participation is confidence context; blank scores mean unverified; see SAT lookup status.",https://www.montgomeryschoolsmd.org/schools/bcchs/about/bccprofile,"[""https://educationdata.urban.org/api/v1/schools/ccd/directory/2024/?ncessch=240048000784"", ""https://educationdata.urban.org/api/v1/schools/crdc/offerings/2021/?ncessch=240048000784"", ""https://ww2.montgomeryschoolsmd.org/departments/sharedaccountability/reports/2025/250109_2024%20SAT_ACT_Part%20and%20Perf.pdf"", ""https://www.montgomeryschoolsmd.org/schools/bcchs/about/bccprofile""]",1.0-screening,"[2, 10]","[5, 10]",2026-09-27,22.0,Yes,2021-22,Verified source,https://ww2.montgomeryschoolsmd.org/departments/sharedaccountability/reports/2025/250109_2024%20SAT_ACT_Part%20and%20Perf.pdf,"{""tested_count"": 442, ""percentage"": 79.6, ""denominator_note"": ""2024 graduates""}",Reviewed official campus result; PDF extraction not yet automated.
2851957,Military Advisor (Acquisition),40.0,0.086021505376344,Manual,0/93,OSA,CIO,W4NJAA,W4NJ USA CHIEF INFO OFF G6,D0053577,PENTAGON,VA,O49A,O5,,,,20310,38.8691306,-77.054076,8.0,93.0,0.086021505376344,0.4705882352941177,0.8,0.5294117647058822,15.0,1.0,78.5,Market,2851957,,,,Bethesda,MD,38.98067,-77.10026,8.1,87.7,69397.0,0.0981,Available,3.0,3.0,1.0,True,True,True,0.2,0.5,2.5,1.0,Available,Partial data,Richmond,37.5407,-77.436,94.1,Ronald Reagan Washington National Airport,DCA,38.8521,-77.037697,9.5,2025-01 to 2025-12,Reported scheduled international service,Montgomery County,24031,99.8,99.8,Regional screen met,Address verification required,45799.0,0.0815427948780036,2.151,100.0,ACS county resident estimate,99.9,Provisional regional proxy,"Percentage of population with access to fixed terrestrial broadband service at 100/20 Mbps or higher advertised speeds, as of June 2024.",2020–2024 ACS 5-year,"County containing the support-city center; regional proxy, not city/address data",community-v1,Bethesda-Chevy Chase High,240048000784,2377.0,2024-25,Provisional city proxy — boundary/admission review pending,2.0,5.0,6.0,-6.0,-2.0,2.0,1160.0,2024 graduates,Provisional screening,"Public high-school enrollment screen. Grades 9–12. Postal-city candidates require geographic review; largest eligible campus is not yet certified. School attendance depends on home address. B-CC selected for central Bethesda; Walter Johnson postal address is a different surrounding community. Legacy course-profile listings require current confirmation. Arts/STEM scores are evidence floors, not final ratings; unresolved higher levels remain possible. No baseline pass/fail classification is made. SAT participation is confidence context; blank scores mean unverified; see SAT lookup status.",https://www.montgomeryschoolsmd.org/schools/bcchs/about/bccprofile,"[""https://educationdata.urban.org/api/v1/schools/ccd/directory/2024/?ncessch=240048000784"", ""https://educationdata.urban.org/api/v1/schools/crdc/offerings/2021/?ncessch=240048000784"", ""https://ww2.montgomeryschoolsmd.org/departments/sharedaccountability/reports/2025/250109_2024%20SAT_ACT_Part%20and%20Perf.pdf"", ""https://www.montgomeryschoolsmd.org/schools/bcchs/about/bccprofile""]",1.0-screening,"[2, 10]","[5, 10]",2026-09-27,22.0,Yes,2021-22,Verified source,https://ww2.montgomeryschoolsmd.org/departments/sharedaccountability/reports/2025/250109_2024%20SAT_ACT_Part%20and%20Perf.pdf,"{""tested_count"": 442, ""percentage"": 79.6, ""denominator_note"": ""2024 graduates""}",Reviewed official campus result; PDF extraction not yet automated.
2851987,ORSA Officer,14.0,0.075268817204301,Manual,0/93,CBC,CBC,W6HWAA,W6HW   USAE USCYBERCOM,D0054029,FT GEORGE MEADE,MD,O49A,O5,,,,20755,39.1022704,-76.7462558,7.0,93.0,0.075268817204301,0.4117647058823529,0.8,0.5882352941176471,12.0,0.925109929535273,77.6,Market,2851987,,,,Glen Burnie,MD,39.16261,-76.62469,7.7,85.4,72590.0,0.0389,Available,3.0,3.0,1.0,True,True,True,1.1,2.1,1.8,1.0,Available,Partial data,Annapolis,38.9784,-76.4922,16.1,Baltimore/Washington International Thurgood Marshall Airport,BWI,39.1754,-76.668297,2.5,2025-01 to 2025-12,Reported scheduled international service,Anne Arundel County,24003,99.3,99.3,Regional screen met,Address verification required,23076.0,0.0752136529272569,1.984,99.2,ACS county resident estimate,99.3,Provisional regional proxy,"Percentage of population with access to fixed terrestrial broadband service at 100/20 Mbps or higher advertised speeds, as of June 2024.",2020–2024 ACS 5-year,"County containing the support-city center; regional proxy, not city/address data",community-v1,Glen Burnie High,240006000075,2226.0,2024-25,Provisional city proxy — boundary/admission review pending,3.0,4.0,,-5.0,-3.0,,,,Provisional — partial evidence,"Public high-school enrollment screen. Grades 9–12. Postal-city candidates require geographic review; largest eligible campus is not yet certified. School attendance depends on home address. Arts/STEM scores are evidence floors, not final ratings; unresolved higher levels remain possible. No baseline pass/fail classification is made. SAT participation is confidence context; blank scores mean unverified; see SAT lookup status.",https://glenburniehs.org/ourpages/auto/2019/10/30/35222320/GBHS%20Program%20of%20Study%20Final%20Draft%2021-22%20_1_.pdf,"[""https://educationdata.urban.org/api/v1/schools/ccd/directory/2024/?ncessch=240006000075"", ""https://educationdata.urban.org/api/v1/schools/crdc/offerings/2021/?ncessch=240006000075"", ""https://glenburniehs.org/ourpages/auto/2019/10/30/35222320/GBHS%20Program%20of%20Study%20Final%20Draft%2021-22%20_1_.pdf""]",1.0-screening,"[3, 10]","[4, 10]",2026-09-27,17.0,Yes,2021-22,Not yet researched,,,No automated provider configured; blank is not evidence of unavailable scores.
2852195,ORSA Officer,43.0,0.086021505376344,Manual,0/93,AFA,AJJ,W1BT38,W1BT USAE OFC SEC OF AF,D0065063,CHANTILLY,VA,O49A,O5,,,,20151,38.885219,-77.4486772,8.0,93.0,0.086021505376344,0.4705882352941177,0.8,0.5294117647058822,13.0,0.9518387305144008,76.6,Market,2852195,,,,Reston,VA,38.96872,-77.3411,8.2,86.4,64414.0,0.0534,Available,3.0,3.0,1.0,True,True,True,0.9,1.8,0.8,1.0,Available,Partial data,Richmond,37.5407,-77.436,92.9,Washington Dulles International Airport,IAD,38.9445,-77.455803,6.4,2025-01 to 2025-12,Reported scheduled international service,Fairfax County,51059,98.1,98.1,Regional screen met,Address verification required,76110.0,0.1247377736987019,3.291,100.0,ACS county resident estimate,98.7,Provisional regional proxy,"Percentage of population with access to fixed terrestrial broadband service at 100/20 Mbps or higher advertised speeds, as of June 2024.",2020–2024 ACS 5-year,"County containing the support-city center; regional proxy, not city/address data",community-v1,South Lakes High,510126000566,2434.0,2024-25,Provisional city proxy — boundary/admission review pending,2.0,4.0,,-6.0,-3.0,,,,Provisional — partial evidence,"Public high-school enrollment screen. Grades 9–12. Postal-city candidates require geographic review; largest eligible campus is not yet certified. School attendance depends on home address. Arts/STEM scores are evidence floors, not final ratings; unresolved higher levels remain possible. No baseline pass/fail classification is made. SAT participation is confidence context; blank scores mean unverified; see SAT lookup status.",https://southlakeshs.fcps.edu/department/fine-arts,"[""https://educationdata.urban.org/api/v1/schools/ccd/directory/2024/?ncessch=510126000566"", ""https://educationdata.urban.org/api/v1/schools/crdc/offerings/2021/?ncessch=510126000566"", ""https://southlakeshs.fcps.edu/department/fine-arts""]",1.0-screening,"[2, 10]","[4, 10]",2026-09-27,3.0,Yes,2021-22,Not yet researched,,,No automated provider configured; blank is not evidence of unavailable scores.
2852057,ORSA Officer,42.0,0.0967741935483871,Manual,0/93,022,POG,W6D9AA,W6D9 USA PERS OPS GRP,D0063257,PENTAGON,VA,O49A,O5,,,,20310,38.8691306,-77.054076,9.0,93.0,0.0967741935483871,0.5294117647058824,0.8,0.4705882352941176,15.0,1.0,76.5,Market,2852057,,,,Bethesda,MD,38.98067,-77.10026,8.1,87.7,69397.0,0.0981,Available,3.0,3.0,1.0,True,True,True,0.2,0.5,2.5,1.0,Available,Partial data,Richmond,37.5407,-77.436,94.1,Ronald Reagan Washington National Airport,DCA,38.8521,-77.037697,9.5,2025-01 to 2025-12,Reported scheduled international service,Montgomery County,24031,99.8,99.8,Regional screen met,Address verification required,45799.0,0.0815427948780036,2.151,100.0,ACS county resident estimate,99.9,Provisional regional proxy,"Percentage of population with access to fixed terrestrial broadband service at 100/20 Mbps or higher advertised speeds, as of June 2024.",2020–2024 ACS 5-year,"County containing the support-city center; regional proxy, not city/address data",community-v1,Bethesda-Chevy Chase High,240048000784,2377.0,2024-25,Provisional city proxy — boundary/admission review pending,2.0,5.0,6.0,-6.0,-2.0,2.0,1160.0,2024 graduates,Provisional screening,"Public high-school enrollment screen. Grades 9–12. Postal-city candidates require geographic review; largest eligible campus is not yet certified. School attendance depends on home address. B-CC selected for central Bethesda; Walter Johnson postal address is a different surrounding community. Legacy course-profile listings require current confirmation. Arts/STEM scores are evidence floors, not final ratings; unresolved higher levels remain possible. No baseline pass/fail classification is made. SAT participation is confidence context; blank scores mean unverified; see SAT lookup status.",https://www.montgomeryschoolsmd.org/schools/bcchs/about/bccprofile,"[""https://educationdata.urban.org/api/v1/schools/ccd/directory/2024/?ncessch=240048000784"", ""https://educationdata.urban.org/api/v1/schools/crdc/offerings/2021/?ncessch=240048000784"", ""https://ww2.montgomeryschoolsmd.org/departments/sharedaccountability/reports/2025/250109_2024%20SAT_ACT_Part%20and%20Perf.pdf"", ""https://www.montgomeryschoolsmd.org/schools/bcchs/about/bccprofile""]",1.0-screening,"[2, 10]","[5, 10]",2026-09-27,22.0,Yes,2021-22,Verified source,https://ww2.montgomeryschoolsmd.org/departments/sharedaccountability/reports/2025/250109_2024%20SAT_ACT_Part%20and%20Perf.pdf,"{""tested_count"": 442, ""percentage"": 79.6, ""denominator_note"": ""2024 graduates""}",Reviewed official campus result; PDF extraction not yet automated.
2852151,C READ DIV,15.0,0.0967741935483871,Manual,0/93,HSC,I3H,W3VY01,W3VY USA MEDCOM ELEMENT NCR,D0064662,FALLS CHURCH,VA,O49A,O5,,,,22046,38.882334,-77.1710914,9.0,93.0,0.0967741935483871,0.5294117647058824,0.8,0.4705882352941176,15.0,1.0,76.5,Market,2852151,,,,Bethesda,MD,38.98067,-77.10026,7.8,87.9,69397.0,0.0981,Available,3.0,3.0,1.0,True,True,True,0.2,0.5,2.5,1.0,Available,Evaluated,Richmond,37.5407,-77.436,93.8,Ronald Reagan Washington National Airport,DCA,38.8521,-77.037697,9.5,2025-01 to 2025-12,Reported scheduled international service,Montgomery County,24031,99.8,99.8,Regional screen met,Address verification required,45799.0,0.0815427948780036,2.151,100.0,ACS county resident estimate,99.9,Provisional regional proxy,"Percentage of population with access to fixed terrestrial broadband service at 100/20 Mbps or higher advertised speeds, as of June 2024.",2020–2024 ACS 5-year,"County containing the support-city center; regional proxy, not city/address data",community-v1,Bethesda-Chevy Chase High,240048000784,2377.0,2024-25,Provisional city proxy — boundary/admission review pending,2.0,5.0,6.0,-6.0,-2.0,2.0,1160.0,2024 graduates,Provisional screening,"Public high-school enrollment screen. Grades 9–12. Postal-city candidates require geographic review; largest eligible campus is not yet certified. School attendance depends on home address. B-CC selected for central Bethesda; Walter Johnson postal address is a different surrounding community. Legacy course-profile listings require current confirmation. Arts/STEM scores are evidence floors, not final ratings; unresolved higher levels remain possible. No baseline pass/fail classification is made. SAT participation is confidence context; blank scores mean unverified; see SAT lookup status.",https://www.montgomeryschoolsmd.org/schools/bcchs/about/bccprofile,"[""https://educationdata.urban.org/api/v1/schools/ccd/directory/2024/?ncessch=240048000784"", ""https://educationdata.urban.org/api/v1/schools/crdc/offerings/2021/?ncessch=240048000784"", ""https://ww2.montgomeryschoolsmd.org/departments/sharedaccountability/reports/2025/250109_2024%20SAT_ACT_Part%20and%20Perf.pdf"", ""https://www.montgomeryschoolsmd.org/schools/bcchs/about/bccprofile""]",1.0-screening,"[2, 10]","[5, 10]",2026-09-27,22.0,Yes,2021-22,Verified source,https://ww2.montgomeryschoolsmd.org/departments/sharedaccountability/reports/2025/250109_2024%20SAT_ACT_Part%20and%20Perf.pdf,"{""tested_count"": 442, ""percentage"": 79.6, ""denominator_note"": ""2024 graduates""}",Reviewed official campus result; PDF extraction not yet automated.
2852214,ORSA Officer,44.0,0.0967741935483871,Manual,0/93,OSA,ALT,W1B0AA,"W1B0 OFC ASA ACQ, LOG & TECH",D0065719,PENTAGON,VA,O49A,O5,,,,20310,38.8691306,-77.054076,9.0,93.0,0.0967741935483871,0.5294117647058824,0.8,0.4705882352941176,15.0,1.0,76.5,Market,2852214,,,,Bethesda,MD,38.98067,-77.10026,8.1,87.7,69397.0,0.0981,Available,3.0,3.0,1.0,True,True,True,0.2,0.5,2.5,1.0,Available,Partial data,Richmond,37.5407,-77.436,94.1,Ronald Reagan Washington National Airport,DCA,38.8521,-77.037697,9.5,2025-01 to 2025-12,Reported scheduled international service,Montgomery County,24031,99.8,99.8,Regional screen met,Address verification required,45799.0,0.0815427948780036,2.151,100.0,ACS county resident estimate,99.9,Provisional regional proxy,"Percentage of population with access to fixed terrestrial broadband service at 100/20 Mbps or higher advertised speeds, as of June 2024.",2020–2024 ACS 5-year,"County containing the support-city center; regional proxy, not city/address data",community-v1,Bethesda-Chevy Chase High,240048000784,2377.0,2024-25,Provisional city proxy — boundary/admission review pending,2.0,5.0,6.0,-6.0,-2.0,2.0,1160.0,2024 graduates,Provisional screening,"Public high-school enrollment screen. Grades 9–12. Postal-city candidates require geographic review; largest eligible campus is not yet certified. School attendance depends on home address. B-CC selected for central Bethesda; Walter Johnson postal address is a different surrounding community. Legacy course-profile listings require current confirmation. Arts/STEM scores are evidence floors, not final ratings; unresolved higher levels remain possible. No baseline pass/fail classification is made. SAT participation is confidence context; blank scores mean unverified; see SAT lookup status.",https://www.montgomeryschoolsmd.org/schools/bcchs/about/bccprofile,"[""https://educationdata.urban.org/api/v1/schools/ccd/directory/2024/?ncessch=240048000784"", ""https://educationdata.urban.org/api/v1/schools/crdc/offerings/2021/?ncessch=240048000784"", ""https://ww2.montgomeryschoolsmd.org/departments/sharedaccountability/reports/2025/250109_2024%20SAT_ACT_Part%20and%20Perf.pdf"", ""https://www.montgomeryschoolsmd.org/schools/bcchs/about/bccprofile""]",1.0-screening,"[2, 10]","[5, 10]",2026-09-27,22.0,Yes,2021-22,Verified source,https://ww2.montgomeryschoolsmd.org/departments/sharedaccountability/reports/2025/250109_2024%20SAT_ACT_Part%20and%20Perf.pdf,"{""tested_count"": 442, ""percentage"": 79.6, ""denominator_note"": ""2024 graduates""}",Reviewed official campus result; PDF extraction not yet automated.
2851914,CH EXP BR (ORSA),74.0,0.0,Manual,0/93,AFC,CFT,W0HAAA,W0HA TM LRPF CFT,D0052908,FORT SILL,OK,O49A,O5,,,,73503,34.7027408,-98.5074309,0.0,93.0,0.0,0.0,0.8,1.0,3.0,0.5,75.0,Market,2851914,,,,Lawton,OK,34.60869,-98.39033,9.3,77.3,90595.0,-0.0364,Available,3.0,3.0,1.0,True,True,True,3.1,6.2,2.3,1.0,Available,Partial data,Oklahoma City,35.4676,-97.5164,77.0,Dallas Fort Worth International Airport,DFW,32.896801,-97.038002,141.5,2025-01 to 2025-12,Reported scheduled international service,Comanche County,40031,99.1,99.1,Regional screen met,Address verification required,895.0,0.0198540340291488,0.524,26.2,ACS county resident estimate,77.2,Provisional regional proxy,"Percentage of population with access to fixed terrestrial broadband service at 100/20 Mbps or higher advertised speeds, as of June 2024.",2020–2024 ACS 5-year,"County containing the support-city center; regional proxy, not city/address data",community-v1,EISENHOWER HS,401725000809,1466.0,2024-25,Provisional city proxy — boundary/admission review pending,,4.0,,,-3.0,,,,Provisional — partial evidence,"Public high-school enrollment screen. Grades 9–12. Postal-city candidates require geographic review; largest eligible campus is not yet certified. School attendance depends on home address. Arts/STEM scores are evidence floors, not final ratings; unresolved higher levels remain possible. No baseline pass/fail classification is made. SAT participation is confidence context; blank scores mean unverified; see SAT lookup status.",https://educationdata.urban.org/api/v1/schools/ccd/directory/2024/?ncessch=401725000809,"[""https://educationdata.urban.org/api/v1/schools/ccd/directory/2024/?ncessch=401725000809"", ""https://educationdata.urban.org/api/v1/schools/crdc/offerings/2021/?ncessch=401725000809""]",1.0-screening,"[1, 10]","[4, 10]",2026-09-27,14.0,Yes,2021-22,Not yet researched,,,No automated provider configured; blank is not evidence of unavailable scores.
2852102,ODT Team Chief,20.0,0.0967741935483871,Manual,0/93,CAC,CAC,W0VPAA,W0VP USA CAC   FT LEAV,D0063866,FT LEAVENWORTH,KS,O49A,O5,,,,66027,39.3603878,-94.9253096,9.0,93.0,0.0967741935483871,0.5294117647058824,0.8,0.4705882352941176,13.0,0.9518387305144008,74.5,Market,2852102,,,,Kansas City,KS,39.11417,-94.62746,23.3,84.3,152933.0,,Available,3.0,3.0,1.0,True,True,True,2.6,6.6,6.9,0.85,Unmatched,Evaluated,Topeka,39.0473,-95.6752,45.6,Kansas City International Airport,MCI,39.301699,-94.713893,13.8,2025-01 to 2025-12,Reported scheduled international service,Wyandotte County,20209,96.7,96.7,Regional screen met,Address verification required,1960.0,0.0247487246830648,0.653,32.6,ACS county resident estimate,77.5,Provisional regional proxy,"Percentage of population with access to fixed terrestrial broadband service at 100/20 Mbps or higher advertised speeds, as of June 2024.",2020–2024 ACS 5-year,"County containing the support-city center; regional proxy, not city/address data",community-v1,Wyandotte High,200795001420,1903.0,2024-25,Provisional city proxy — boundary/admission review pending,2.0,4.0,,-6.0,-3.0,,,,Provisional — partial evidence,"Public high-school enrollment screen. Grades 9–12. Postal-city candidates require geographic review; largest eligible campus is not yet certified. School attendance depends on home address. Arts/STEM scores are evidence floors, not final ratings; unresolved higher levels remain possible. No baseline pass/fail classification is made. SAT participation is confidence context; blank scores mean unverified; see SAT lookup status.",https://wyandotte.kckschools.org/about/faculty-staff,"[""https://educationdata.urban.org/api/v1/schools/ccd/directory/2024/?ncessch=200795001420"", ""https://educationdata.urban.org/api/v1/schools/crdc/offerings/2021/?ncessch=200795001420"", ""https://wyandotte.kckschools.org/about/faculty-staff""]",1.0-screening,"[2, 10]","[4, 10]",2026-09-27,3.0,Yes,2021-22,Not yet researched,,,No automated provider configured; blank is not evidence of unavailable scores.
2852094,SR MIL ANALYST,21.0,0.0967741935483871,Manual,0/93,AFC,RAC,W4AE03,W4AE TRAC FLVN,D0063848,FT LEAVENWORTH,KS,O49A,O5,,,,66027,39.3603878,-94.9253096,9.0,93.0,0.0967741935483871,0.5294117647058824,0.8,0.4705882352941176,13.0,0.9518387305144008,74.5,Market,2852094,,,,Kansas City,KS,39.11417,-94.62746,23.3,84.3,152933.0,,Available,3.0,3.0,1.0,True,True,True,2.6,6.6,6.9,0.85,Unmatched,Evaluated,Topeka,39.0473,-95.6752,45.6,Kansas City International Airport,MCI,39.301699,-94.713893,13.8,2025-01 to 2025-12,Reported scheduled international service,Wyandotte County,20209,96.7,96.7,Regional screen met,Address verification required,1960.0,0.0247487246830648,0.653,32.6,ACS county resident estimate,77.5,Provisional regional proxy,"Percentage of population with access to fixed terrestrial broadband service at 100/20 Mbps or higher advertised speeds, as of June 2024.",2020–2024 ACS 5-year,"County containing the support-city center; regional proxy, not city/address data",community-v1,Wyandotte High,200795001420,1903.0,2024-25,Provisional city proxy — boundary/admission review pending,2.0,4.0,,-6.0,-3.0,,,,Provisional — partial evidence,"Public high-school enrollment screen. Grades 9–12. Postal-city candidates require geographic review; largest eligible campus is not yet certified. School attendance depends on home address. Arts/STEM scores are evidence floors, not final ratings; unresolved higher levels remain possible. No baseline pass/fail classification is made. SAT participation is confidence context; blank scores mean unverified; see SAT lookup status.",https://wyandotte.kckschools.org/about/faculty-staff,"[""https://educationdata.urban.org/api/v1/schools/ccd/directory/2024/?ncessch=200795001420"", ""https://educationdata.urban.org/api/v1/schools/crdc/offerings/2021/?ncessch=200795001420"", ""https://wyandotte.kckschools.org/about/faculty-staff""]",1.0-screening,"[2, 10]","[4, 10]",2026-09-27,3.0,Yes,2021-22,Not yet researched,,,No automated provider configured; blank is not evidence of unavailable scores.
2852051,ORSA Officer,41.0,0.1075268817204301,Manual,0/93,022,POG,W6D9AA,W6D9 USA PERS OPS GRP,D0062568,PENTAGON,VA,O49A,O5,,,,20310,38.8691306,-77.054076,10.0,93.0,0.1075268817204301,0.5882352941176471,0.8,0.4117647058823529,15.0,1.0,74.4,Market,2852051,,,,Bethesda,MD,38.98067,-77.10026,8.1,87.7,69397.0,0.0981,Available,3.0,3.0,1.0,True,True,True,0.2,0.5,2.5,1.0,Available,Partial data,Richmond,37.5407,-77.436,94.1,Ronald Reagan Washington National Airport,DCA,38.8521,-77.037697,9.5,2025-01 to 2025-12,Reported scheduled international service,Montgomery County,24031,99.8,99.8,Regional screen met,Address verification required,45799.0,0.0815427948780036,2.151,100.0,ACS county resident estimate,99.9,Provisional regional proxy,"Percentage of population with access to fixed terrestrial broadband service at 100/20 Mbps or higher advertised speeds, as of June 2024.",2020–2024 ACS 5-year,"County containing the support-city center; regional proxy, not city/address data",community-v1,Bethesda-Chevy Chase High,240048000784,2377.0,2024-25,Provisional city proxy — boundary/admission review pending,2.0,5.0,6.0,-6.0,-2.0,2.0,1160.0,2024 graduates,Provisional screening,"Public high-school enrollment screen. Grades 9–12. Postal-city candidates require geographic review; largest eligible campus is not yet certified. School attendance depends on home address. B-CC selected for central Bethesda; Walter Johnson postal address is a different surrounding community. Legacy course-profile listings require current confirmation. Arts/STEM scores are evidence floors, not final ratings; unresolved higher levels remain possible. No baseline pass/fail classification is made. SAT participation is confidence context; blank scores mean unverified; see SAT lookup status.",https://www.montgomeryschoolsmd.org/schools/bcchs/about/bccprofile,"[""https://educationdata.urban.org/api/v1/schools/ccd/directory/2024/?ncessch=240048000784"", ""https://educationdata.urban.org/api/v1/schools/crdc/offerings/2021/?ncessch=240048000784"", ""https://ww2.montgomeryschoolsmd.org/departments/sharedaccountability/reports/2025/250109_2024%20SAT_ACT_Part%20and%20Perf.pdf"", ""https://www.montgomeryschoolsmd.org/schools/bcchs/about/bccprofile""]",1.0-screening,"[2, 10]","[5, 10]",2026-09-27,22.0,Yes,2021-22,Verified source,https://ww2.montgomeryschoolsmd.org/departments/sharedaccountability/reports/2025/250109_2024%20SAT_ACT_Part%20and%20Perf.pdf,"{""tested_count"": 442, ""percentage"": 79.6, ""denominator_note"": ""2024 graduates""}",Reviewed official campus result; PDF extraction not yet automated.
2851849,SENIOR ANALYST,38.0,0.1075268817204301,Manual,0/93,OSA,USA,W00FAA,W00F OFC DEP UNDER SEC ARMY,D0051643,PENTAGON,VA,O49A,O5,,,,20310,38.8691306,-77.054076,10.0,93.0,0.1075268817204301,0.5882352941176471,0.8,0.4117647058823529,15.0,1.0,74.4,Market,2851849,,,,Bethesda,MD,38.98067,-77.10026,8.1,87.7,69397.0,0.0981,Available,3.0,3.0,1.0,True,True,True,0.2,0.5,2.5,1.0,Available,Partial data,Richmond,37.5407,-77.436,94.1,Ronald Reagan Washington National Airport,DCA,38.8521,-77.037697,9.5,2025-01 to 2025-12,Reported scheduled international service,Montgomery County,24031,99.8,99.8,Regional screen met,Address verification required,45799.0,0.0815427948780036,2.151,100.0,ACS county resident estimate,99.9,Provisional regional proxy,"Percentage of population with access to fixed terrestrial broadband service at 100/20 Mbps or higher advertised speeds, as of June 2024.",2020–2024 ACS 5-year,"County containing the support-city center; regional proxy, not city/address data",community-v1,Bethesda-Chevy Chase High,240048000784,2377.0,2024-25,Provisional city proxy — boundary/admission review pending,2.0,5.0,6.0,-6.0,-2.0,2.0,1160.0,2024 graduates,Provisional screening,"Public high-school enrollment screen. Grades 9–12. Postal-city candidates require geographic review; largest eligible campus is not yet certified. School attendance depends on home address. B-CC selected for central Bethesda; Walter Johnson postal address is a different surrounding community. Legacy course-profile listings require current confirmation. Arts/STEM scores are evidence floors, not final ratings; unresolved higher levels remain possible. No baseline pass/fail classification is made. SAT participation is confidence context; blank scores mean unverified; see SAT lookup status.",https://www.montgomeryschoolsmd.org/schools/bcchs/about/bccprofile,"[""https://educationdata.urban.org/api/v1/schools/ccd/directory/2024/?ncessch=240048000784"", ""https://educationdata.urban.org/api/v1/schools/crdc/offerings/2021/?ncessch=240048000784"", ""https://ww2.montgomeryschoolsmd.org/departments/sharedaccountability/reports/2025/250109_2024%20SAT_ACT_Part%20and%20Perf.pdf"", ""https://www.montgomeryschoolsmd.org/schools/bcchs/about/bccprofile""]",1.0-screening,"[2, 10]","[5, 10]",2026-09-27,22.0,Yes,2021-22,Verified source,https://ww2.montgomeryschoolsmd.org/departments/sharedaccountability/reports/2025/250109_2024%20SAT_ACT_Part%20and%20Perf.pdf,"{""tested_count"": 442, ""percentage"": 79.6, ""denominator_note"": ""2024 graduates""}",Reviewed official campus result; PDF extraction not yet automated.
2852886,ORSA Officer,45.0,0.1075268817204301,Manual,0/93,AFA,AJJ,W1BT38,W1BT USAE OFC SEC OF AF,D0066256,CHANTILLY,VA,O49A,O5,,,,20151,38.885219,-77.4486772,10.0,93.0,0.1075268817204301,0.5882352941176471,0.8,0.4117647058823529,13.0,0.9518387305144008,72.5,Market,2852886,,,,Reston,VA,38.96872,-77.3411,8.2,86.4,64414.0,0.0534,Available,3.0,3.0,1.0,True,True,True,0.9,1.8,0.8,1.0,Available,Partial data,Richmond,37.5407,-77.436,92.9,Washington Dulles International Airport,IAD,38.9445,-77.455803,6.4,2025-01 to 2025-12,Reported scheduled international service,Fairfax County,51059,98.1,98.1,Regional screen met,Address verification required,76110.0,0.1247377736987019,3.291,100.0,ACS county resident estimate,98.7,Provisional regional proxy,"Percentage of population with access to fixed terrestrial broadband service at 100/20 Mbps or higher advertised speeds, as of June 2024.",2020–2024 ACS 5-year,"County containing the support-city center; regional proxy, not city/address data",community-v1,South Lakes High,510126000566,2434.0,2024-25,Provisional city proxy — boundary/admission review pending,2.0,4.0,,-6.0,-3.0,,,,Provisional — partial evidence,"Public high-school enrollment screen. Grades 9–12. Postal-city candidates require geographic review; largest eligible campus is not yet certified. School attendance depends on home address. Arts/STEM scores are evidence floors, not final ratings; unresolved higher levels remain possible. No baseline pass/fail classification is made. SAT participation is confidence context; blank scores mean unverified; see SAT lookup status.",https://southlakeshs.fcps.edu/department/fine-arts,"[""https://educationdata.urban.org/api/v1/schools/ccd/directory/2024/?ncessch=510126000566"", ""https://educationdata.urban.org/api/v1/schools/crdc/offerings/2021/?ncessch=510126000566"", ""https://southlakeshs.fcps.edu/department/fine-arts""]",1.0-screening,"[2, 10]","[4, 10]",2026-09-27,3.0,Yes,2021-22,Not yet researched,,,No automated provider configured; blank is not evidence of unavailable scores.
2583700,Combat Operations Analyst,24.0,0.043010752688172,Manual,0/93,AFC,RAC,W4AE03,W4AE TRAC FLVN,D0021242,FT LEAVENWORTH,KS,O49A,O3,,,,66027,39.3603878,-94.9253096,4.0,93.0,0.043010752688172,0.2352941176470588,0.3,0.7647058823529411,13.0,0.9518387305144008,72.3,Market,2583700,,,,Kansas City,KS,39.11417,-94.62746,23.3,84.3,152933.0,,Available,3.0,3.0,1.0,True,True,True,2.6,6.6,6.9,0.85,Unmatched,Evaluated,Topeka,39.0473,-95.6752,45.6,Kansas City International Airport,MCI,39.301699,-94.713893,13.8,2025-01 to 2025-12,Reported scheduled international service,Wyandotte County,20209,96.7,96.7,Regional screen met,Address verification required,1960.0,0.0247487246830648,0.653,32.6,ACS county resident estimate,77.5,Provisional regional proxy,"Percentage of population with access to fixed terrestrial broadband service at 100/20 Mbps or higher advertised speeds, as of June 2024.",2020–2024 ACS 5-year,"County containing the support-city center; regional proxy, not city/address data",community-v1,Wyandotte High,200795001420,1903.0,2024-25,Provisional city proxy — boundary/admission review pending,2.0,4.0,,-6.0,-3.0,,,,Provisional — partial evidence,"Public high-school enrollment screen. Grades 9–12. Postal-city candidates require geographic review; largest eligible campus is not yet certified. School attendance depends on home address. Arts/STEM scores are evidence floors, not final ratings; unresolved higher levels remain possible. No baseline pass/fail classification is made. SAT participation is confidence context; blank scores mean unverified; see SAT lookup status.",https://wyandotte.kckschools.org/about/faculty-staff,"[""https://educationdata.urban.org/api/v1/schools/ccd/directory/2024/?ncessch=200795001420"", ""https://educationdata.urban.org/api/v1/schools/crdc/offerings/2021/?ncessch=200795001420"", ""https://wyandotte.kckschools.org/about/faculty-staff""]",1.0-screening,"[2, 10]","[4, 10]",2026-09-27,3.0,Yes,2021-22,Not yet researched,,,No automated provider configured; blank is not evidence of unavailable scores.
2581035,Combat Operations Analyst,60.0,0.064516129032258,Manual,0/93,AFC,RAC,W4AE04,W4AE TRAC WSMR,D0020715,WHITE SANDS MISSILE RANGE,NM,O49A,O4,,,,88002,33.0658459,-106.545628,6.0,93.0,0.064516129032258,0.3529411764705882,1.0,0.6470588235294118,4.0,0.5804820237218405,70.9,Market,2581035,,,,,,,,,,,,,,,,,,,,,,,,No nearby candidates,Santa Fe,35.687,-105.9378,184.4,,,,,,,Pending enrichment,,,,,Pending enrichment,Unknown — address verification required,,,,,Pending enrichment,,Pending enrichment,,,,,,,,,,,,,,,,,,No support city — school not assessed,,,,,,,,,,,,,,
2583708,Combat Operations Analyst,29.0,0.053763440860215,Manual,0/93,AFC,RAC,W4AE03,W4AE TRAC FLVN,D0021249,FT LEAVENWORTH,KS,O49A,O3,,,,66027,39.3603878,-94.9253096,5.0,93.0,0.053763440860215,0.2941176470588235,0.3,0.7058823529411764,13.0,0.9518387305144008,70.3,Market,2583708,,,,Kansas City,KS,39.11417,-94.62746,23.3,84.3,152933.0,,Available,3.0,3.0,1.0,True,True,True,2.6,6.6,6.9,0.85,Unmatched,Evaluated,Topeka,39.0473,-95.6752,45.6,Kansas City International Airport,MCI,39.301699,-94.713893,13.8,2025-01 to 2025-12,Reported scheduled international service,Wyandotte County,20209,96.7,96.7,Regional screen met,Address verification required,1960.0,0.0247487246830648,0.653,32.6,ACS county resident estimate,77.5,Provisional regional proxy,"Percentage of population with access to fixed terrestrial broadband service at 100/20 Mbps or higher advertised speeds, as of June 2024.",2020–2024 ACS 5-year,"County containing the support-city center; regional proxy, not city/address data",community-v1,Wyandotte High,200795001420,1903.0,2024-25,Provisional city proxy — boundary/admission review pending,2.0,4.0,,-6.0,-3.0,,,,Provisional — partial evidence,"Public high-school enrollment screen. Grades 9–12. Postal-city candidates require geographic review; largest eligible campus is not yet certified. School attendance depends on home address. Arts/STEM scores are evidence floors, not final ratings; unresolved higher levels remain possible. No baseline pass/fail classification is made. SAT participation is confidence context; blank scores mean unverified; see SAT lookup status.",https://wyandotte.kckschools.org/about/faculty-staff,"[""https://educationdata.urban.org/api/v1/schools/ccd/directory/2024/?ncessch=200795001420"", ""https://educationdata.urban.org/api/v1/schools/crdc/offerings/2021/?ncessch=200795001420"", ""https://wyandotte.kckschools.org/about/faculty-staff""]",1.0-screening,"[2, 10]","[4, 10]",2026-09-27,3.0,Yes,2021-22,Not yet researched,,,No automated provider configured; blank is not evidence of unavailable scores.
2851905,ORSA Officer,39.0,0.1290322580645161,Manual,0/93,ARS,PER,W0ZZAA,"W0ZZ OFC DEP CHIEF STAFF, G-1",D0052504,PENTAGON,VA,O49A,O5,,,,20310,38.8691306,-77.054076,12.0,93.0,0.1290322580645161,0.7058823529411764,0.8,0.2941176470588236,15.0,1.0,70.3,Market,2851905,,,,Bethesda,MD,38.98067,-77.10026,8.1,87.7,69397.0,0.0981,Available,3.0,3.0,1.0,True,True,True,0.2,0.5,2.5,1.0,Available,Partial data,Richmond,37.5407,-77.436,94.1,Ronald Reagan Washington National Airport,DCA,38.8521,-77.037697,9.5,2025-01 to 2025-12,Reported scheduled international service,Montgomery County,24031,99.8,99.8,Regional screen met,Address verification required,45799.0,0.0815427948780036,2.151,100.0,ACS county resident estimate,99.9,Provisional regional proxy,"Percentage of population with access to fixed terrestrial broadband service at 100/20 Mbps or higher advertised speeds, as of June 2024.",2020–2024 ACS 5-year,"County containing the support-city center; regional proxy, not city/address data",community-v1,Bethesda-Chevy Chase High,240048000784,2377.0,2024-25,Provisional city proxy — boundary/admission review pending,2.0,5.0,6.0,-6.0,-2.0,2.0,1160.0,2024 graduates,Provisional screening,"Public high-school enrollment screen. Grades 9–12. Postal-city candidates require geographic review; largest eligible campus is not yet certified. School attendance depends on home address. B-CC selected for central Bethesda; Walter Johnson postal address is a different surrounding community. Legacy course-profile listings require current confirmation. Arts/STEM scores are evidence floors, not final ratings; unresolved higher levels remain possible. No baseline pass/fail classification is made. SAT participation is confidence context; blank scores mean unverified; see SAT lookup status.",https://www.montgomeryschoolsmd.org/schools/bcchs/about/bccprofile,"[""https://educationdata.urban.org/api/v1/schools/ccd/directory/2024/?ncessch=240048000784"", ""https://educationdata.urban.org/api/v1/schools/crdc/offerings/2021/?ncessch=240048000784"", ""https://ww2.montgomeryschoolsmd.org/departments/sharedaccountability/reports/2025/250109_2024%20SAT_ACT_Part%20and%20Perf.pdf"", ""https://www.montgomeryschoolsmd.org/schools/bcchs/about/bccprofile""]",1.0-screening,"[2, 10]","[5, 10]",2026-09-27,22.0,Yes,2021-22,Verified source,https://ww2.montgomeryschoolsmd.org/departments/sharedaccountability/reports/2025/250109_2024%20SAT_ACT_Part%20and%20Perf.pdf,"{""tested_count"": 442, ""percentage"": 79.6, ""denominator_note"": ""2024 graduates""}",Reviewed official campus result; PDF extraction not yet automated.
2881113,ORSA OFFICER,32.0,0.0,Manual,0/93,JTC,FPO,W6DHAA,"W6DH HQS, JRTC AND FT POLK",D0063104,FT POLK,LA,O49A,O4,,,ASSIGNMENT INCENTIVE PAY,71459,31.0809734,-93.1998168,0.0,93.0,0.0,0.0,1.0,1.0,1.0,0.25,70.0,Market,2881113,,,,,,,,,,,,,,,,,,,,,,,,No nearby candidates,Baton Rouge,30.4515,-91.1871,127.2,,,,,,,Pending enrichment,,,,,Pending enrichment,Unknown — address verification required,,,,,Pending enrichment,,Pending enrichment,,,,,,,,,,,,,,,,,,No support city — school not assessed,,,,,,,,,,,,,,
2856648,ORSA Officer,67.0,0.032258064516129,Manual,0/93,AFC,CFT,W0KTAA,W0KT CL-CFT,D0113223,FORT EUSTIS,VA,O49A,O4,,,,23604,37.1259192,-76.6013522,3.0,93.0,0.032258064516129,0.1764705882352941,1.0,0.8235294117647058,2.0,0.3962406251802891,69.7,Market,2856648,,,,Newport News,VA,36.98038,-76.42975,13.8,84.7,184216.0,0.0253,Available,3.0,3.0,1.0,True,True,True,2.9,4.7,3.0,1.0,Available,Partial data,Richmond,37.5407,-77.436,54.1,Ronald Reagan Washington National Airport,DCA,38.8521,-77.037697,133.5,2025-01 to 2025-12,Reported scheduled international service,Newport News city,51700,96.1,96.1,Regional screen met,Address verification required,2998.0,0.0354969333870089,0.936,46.8,ACS county resident estimate,81.3,Provisional regional proxy,"Percentage of population with access to fixed terrestrial broadband service at 100/20 Mbps or higher advertised speeds, as of June 2024.",2020–2024 ACS 5-year,"County containing the support-city center; regional proxy, not city/address data",community-v1,Woodside High,510264001453,1723.0,2024-25,Provisional city proxy — boundary/admission review pending,2.0,5.0,,-6.0,-2.0,,,,Provisional — partial evidence,"Public high-school enrollment screen. Grades 9–12. Postal-city candidates require geographic review; largest eligible campus is not yet certified. School attendance depends on home address. Arts/STEM scores are evidence floors, not final ratings; unresolved higher levels remain possible. No baseline pass/fail classification is made. SAT participation is confidence context; blank scores mean unverified; see SAT lookup status.",https://woodside.nn.k12.va.us/faculty.html,"[""https://educationdata.urban.org/api/v1/schools/ccd/directory/2024/?ncessch=510264001453"", ""https://educationdata.urban.org/api/v1/schools/crdc/offerings/2021/?ncessch=510264001453"", ""https://woodside.nn.k12.va.us/approgram.html"", ""https://woodside.nn.k12.va.us/faculty.html""]",1.0-screening,"[2, 10]","[5, 10]",2026-09-27,18.0,Yes,2021-22,Not yet researched,,,No automated provider configured; blank is not evidence of unavailable scores.
2851884,Senior Military Analyst,63.0,0.053763440860215,Manual,0/93,AFC,RAC,W4AE04,W4AE TRAC WSMR,D0052333,WHITE SANDS MISSILE RANGE,NM,O49A,O5,,,,88002,33.0658459,-106.545628,5.0,93.0,0.053763440860215,0.2941176470588235,0.8,0.7058823529411764,4.0,0.5804820237218405,67.9,Market,2851884,,,,,,,,,,,,,,,,,,,,,,,,No nearby candidates,Santa Fe,35.687,-105.9378,184.4,,,,,,,Pending enrichment,,,,,Pending enrichment,Unknown — address verification required,,,,,Pending enrichment,,Pending enrichment,,,,,,,,,,,,,,,,,,No support city — school not assessed,,,,,,,,,,,,,,
2856826,ORSA,56.0,0.064516129032258,Manual,0/93,SPO,SAC,W6TFAA,W6TF ARMY SPEC OPS AVN CMD,D0113499,FT BRAGG,NC,O49A,O4,,,,28310,35.140311,-79.1541465,6.0,93.0,0.064516129032258,0.3529411764705882,1.0,0.6470588235294118,3.0,0.5,67.6,Market,2856826,,,,Fayetteville,NC,35.05266,-78.87836,16.7,76.0,210815.0,0.0018,Available,3.0,3.0,1.0,True,True,True,4.7,5.5,1.6,1.0,Available,Partial data,Raleigh,35.7796,-78.6382,52.9,Raleigh-Durham International Airport,RDU,35.878659,-78.7873,57.3,2025-01 to 2025-12,Reported scheduled international service,Cumberland County,37051,96.9,96.9,Regional screen met,Address verification required,3238.0,0.0258411543127114,0.682,34.1,ACS county resident estimate,78.1,Provisional regional proxy,"Percentage of population with access to fixed terrestrial broadband service at 100/20 Mbps or higher advertised speeds, as of June 2024.",2020–2024 ACS 5-year,"County containing the support-city center; regional proxy, not city/address data",community-v1,Jack Britt High,370001102512,1940.0,2024-25,Provisional city proxy — boundary/admission review pending,2.0,4.0,,-6.0,-3.0,,,,Provisional — partial evidence,"Public high-school enrollment screen. Grades 9–12. Postal-city candidates require geographic review; largest eligible campus is not yet certified. School attendance depends on home address. Arts/STEM scores are evidence floors, not final ratings; unresolved higher levels remain possible. No baseline pass/fail classification is made. SAT participation is confidence context; blank scores mean unverified; see SAT lookup status.",https://ares.ccs.k12.nc.us/o/jb/staff?page_no=4,"[""https://ares.ccs.k12.nc.us/o/jb/staff?page_no=4"", ""https://educationdata.urban.org/api/v1/schools/ccd/directory/2024/?ncessch=370001102512"", ""https://educationdata.urban.org/api/v1/schools/crdc/offerings/2021/?ncessch=370001102512""]",1.0-screening,"[2, 10]","[4, 10]",2026-09-27,14.0,Yes,2021-22,Research incomplete,,,NC DPI SAT page provides state results; campus result still needs a school/district source.
2856619,ORSA Officer,66.0,0.043010752688172,Manual,0/93,AFC,CFT,W0KTAA,W0KT CL-CFT,D0113220,FORT EUSTIS,VA,O49A,O4,,,,23604,37.1259192,-76.6013522,4.0,93.0,0.043010752688172,0.2352941176470588,1.0,0.7647058823529411,2.0,0.3962406251802891,67.6,Market,2856619,,,,Newport News,VA,36.98038,-76.42975,13.8,84.7,184216.0,0.0253,Available,3.0,3.0,1.0,True,True,True,2.9,4.7,3.0,1.0,Available,Partial data,Richmond,37.5407,-77.436,54.1,Ronald Reagan Washington National Airport,DCA,38.8521,-77.037697,133.5,2025-01 to 2025-12,Reported scheduled international service,Newport News city,51700,96.1,96.1,Regional screen met,Address verification required,2998.0,0.0354969333870089,0.936,46.8,ACS county resident estimate,81.3,Provisional regional proxy,"Percentage of population with access to fixed terrestrial broadband service at 100/20 Mbps or higher advertised speeds, as of June 2024.",2020–2024 ACS 5-year,"County containing the support-city center; regional proxy, not city/address data",community-v1,Woodside High,510264001453,1723.0,2024-25,Provisional city proxy — boundary/admission review pending,2.0,5.0,,-6.0,-2.0,,,,Provisional — partial evidence,"Public high-school enrollment screen. Grades 9–12. Postal-city candidates require geographic review; largest eligible campus is not yet certified. School attendance depends on home address. Arts/STEM scores are evidence floors, not final ratings; unresolved higher levels remain possible. No baseline pass/fail classification is made. SAT participation is confidence context; blank scores mean unverified; see SAT lookup status.",https://woodside.nn.k12.va.us/faculty.html,"[""https://educationdata.urban.org/api/v1/schools/ccd/directory/2024/?ncessch=510264001453"", ""https://educationdata.urban.org/api/v1/schools/crdc/offerings/2021/?ncessch=510264001453"", ""https://woodside.nn.k12.va.us/approgram.html"", ""https://woodside.nn.k12.va.us/faculty.html""]",1.0-screening,"[2, 10]","[5, 10]",2026-09-27,18.0,Yes,2021-22,Not yet researched,,,No automated provider configured; blank is not evidence of unavailable scores.
2301886,CH DATA SCIENTIST,6.0,0.1612903225806451,Manual,0/93,AIC,ASO,W00YAA,W00Y HQ USA INTEL   SEC CMD,D0019478,FT BELVOIR,VA,O49A,O4,,,,22060,38.710797,-77.1436907,15.0,93.0,0.1612903225806451,0.8823529411764706,1.0,0.1176470588235294,13.0,0.9518387305144008,67.2,Market,2301886,,,,Waldorf,MD,38.62456,-76.93914,12.5,88.6,82943.0,0.0987,Available,3.0,3.0,1.0,True,True,True,4.9,0.9,1.2,1.0,Available,Partial data,Richmond,37.5407,-77.436,82.4,Ronald Reagan Washington National Airport,DCA,38.8521,-77.037697,16.6,2025-01 to 2025-12,Reported scheduled international service,Charles County,24017,97.5,97.5,Regional screen met,Address verification required,6395.0,0.0729340115417075,1.924,96.2,ACS county resident estimate,97.1,Provisional regional proxy,"Percentage of population with access to fixed terrestrial broadband service at 100/20 Mbps or higher advertised speeds, as of June 2024.",2020–2024 ACS 5-year,"County containing the support-city center; regional proxy, not city/address data",community-v1,North Point High School,240027001416,1960.0,2024-25,Provisional city proxy — boundary/admission review pending,,4.0,,,-3.0,,,,Provisional — partial evidence,"Public high-school enrollment screen. Grades 9–12. Postal-city candidates require geographic review; largest eligible campus is not yet certified. School attendance depends on home address. Arts/STEM scores are evidence floors, not final ratings; unresolved higher levels remain possible. No baseline pass/fail classification is made. SAT participation is confidence context; blank scores mean unverified; see SAT lookup status.",https://educationdata.urban.org/api/v1/schools/ccd/directory/2024/?ncessch=240027001416,"[""https://educationdata.urban.org/api/v1/schools/ccd/directory/2024/?ncessch=240027001416"", ""https://educationdata.urban.org/api/v1/schools/crdc/offerings/2021/?ncessch=240027001416""]",1.0-screening,"[1, 10]","[4, 10]",2026-09-27,27.0,Yes,2021-22,Not yet researched,,,No automated provider configured; blank is not evidence of unavailable scores.
2856285,ORSA MAC Instructor,47.0,0.086021505376344,Manual,0/93,SCE,ALU,W1E1AA,W1E1 ARMY LOG UNIV,D0123494,FT LEE,VA,O49A,O4,,,,23801,37.2354475,-77.3305507,8.0,93.0,0.086021505376344,0.4705882352941177,1.0,0.5294117647058822,4.0,0.5804820237218405,66.7,Market,2856285,,,,Chester,VA,37.35682,-77.44165,10.4,75.2,24474.0,0.1108,Available,3.0,3.0,1.0,True,True,True,1.6,1.8,1.3,1.0,Available,Partial data,Richmond,37.5407,-77.436,21.9,Ronald Reagan Washington National Airport,DCA,38.8521,-77.037697,105.6,2025-01 to 2025-12,Reported scheduled international service,Chesterfield County,51041,98.7,98.7,Regional screen met,Address verification required,8142.0,0.0425445196889892,1.122,56.1,ACS county resident estimate,85.9,Provisional regional proxy,"Percentage of population with access to fixed terrestrial broadband service at 100/20 Mbps or higher advertised speeds, as of June 2024.",2020–2024 ACS 5-year,"County containing the support-city center; regional proxy, not city/address data",community-v1,Thomas Dale High,510084000350,2582.0,2024-25,Provisional city proxy — boundary/admission review pending,7.0,4.0,,-1.0,-3.0,,,,Provisional — partial evidence,"Public high-school enrollment screen. Grades 9–12. Postal-city candidates require geographic review; largest eligible campus is not yet certified. School attendance depends on home address. Arts includes audition/application specialty center; family access requires confirmation. Arts/STEM scores are evidence floors, not final ratings; unresolved higher levels remain possible. No baseline pass/fail classification is made. SAT participation is confidence context; blank scores mean unverified; see SAT lookup status.",https://bonaires.oneccps.org/o/tdhs/page/specialty-center,"[""https://bonaires.oneccps.org/o/tdhs/page/specialty-center"", ""https://educationdata.urban.org/api/v1/schools/ccd/directory/2024/?ncessch=510084000350"", ""https://educationdata.urban.org/api/v1/schools/crdc/offerings/2021/?ncessch=510084000350""]",1.0-screening,"[7, 10]","[4, 10]",2026-09-27,18.0,Yes,2021-22,Not yet researched,,,No automated provider configured; blank is not evidence of unavailable scores.
2581113,Combat Operations Analyst,36.0,0.086021505376344,Manual,0/93,AFC,RAC,W4AE06,W4AE TRAC LEE,D0020735,FT LEE,VA,O49A,O4,,,,23801,37.2354475,-77.3305507,8.0,93.0,0.086021505376344,0.4705882352941177,1.0,0.5294117647058822,4.0,0.5804820237218405,66.7,Market,2581113,,,,Chester,VA,37.35682,-77.44165,10.4,75.2,24474.0,0.1108,Available,3.0,3.0,1.0,True,True,True,1.6,1.8,1.3,1.0,Available,Partial data,Richmond,37.5407,-77.436,21.9,Ronald Reagan Washington National Airport,DCA,38.8521,-77.037697,105.6,2025-01 to 2025-12,Reported scheduled international service,Chesterfield County,51041,98.7,98.7,Regional screen met,Address verification required,8142.0,0.0425445196889892,1.122,56.1,ACS county resident estimate,85.9,Provisional regional proxy,"Percentage of population with access to fixed terrestrial broadband service at 100/20 Mbps or higher advertised speeds, as of June 2024.",2020–2024 ACS 5-year,"County containing the support-city center; regional proxy, not city/address data",community-v1,Thomas Dale High,510084000350,2582.0,2024-25,Provisional city proxy — boundary/admission review pending,7.0,4.0,,-1.0,-3.0,,,,Provisional — partial evidence,"Public high-school enrollment screen. Grades 9–12. Postal-city candidates require geographic review; largest eligible campus is not yet certified. School attendance depends on home address. Arts includes audition/application specialty center; family access requires confirmation. Arts/STEM scores are evidence floors, not final ratings; unresolved higher levels remain possible. No baseline pass/fail classification is made. SAT participation is confidence context; blank scores mean unverified; see SAT lookup status.",https://bonaires.oneccps.org/o/tdhs/page/specialty-center,"[""https://bonaires.oneccps.org/o/tdhs/page/specialty-center"", ""https://educationdata.urban.org/api/v1/schools/ccd/directory/2024/?ncessch=510084000350"", ""https://educationdata.urban.org/api/v1/schools/crdc/offerings/2021/?ncessch=510084000350""]",1.0-screening,"[7, 10]","[4, 10]",2026-09-27,18.0,Yes,2021-22,Not yet researched,,,No automated provider configured; blank is not evidence of unavailable scores.
2881100,SO (OPS ANALYSIS),55.0,0.021505376344086,Manual,0/93,NTO,NCS,W3U820,W3U8 NATO HQ LAND COMMAND,D0063034,IZMIR,TR,O49A,O4,,,,OCONUS,,,2.0,93.0,0.021505376344086,0.1176470588235294,1.0,0.8823529411764706,1.0,0.25,65.9,Market,2881100,,,,,,,,,,,,,,,,,,,,,,,,Outside CONUS,,,,,,,,,,,Pending enrichment,,,,,Pending enrichment,Unknown — address verification required,,,,,Pending enrichment,,Pending enrichment,,,,,,,,,,,,,,,,,,No support city — school not assessed,,,,,,,,,,,,,,
2851889,Senior Military Analyst,64.0,0.064516129032258,Manual,0/93,AFC,RAC,W4AE04,W4AE TRAC WSMR,D0052460,WHITE SANDS MISSILE RANGE,NM,O49A,O5,,,,88002,33.0658459,-106.545628,6.0,93.0,0.064516129032258,0.3529411764705882,0.8,0.6470588235294118,4.0,0.5804820237218405,65.9,Market,2851889,,,,,,,,,,,,,,,,,,,,,,,,No nearby candidates,Santa Fe,35.687,-105.9378,184.4,,,,,,,Pending enrichment,,,,,Pending enrichment,Unknown — address verification required,,,,,Pending enrichment,,Pending enrichment,,,,,,,,,,,,,,,,,,No support city — school not assessed,,,,,,,,,,,,,,
2856789,ORSA Officer,33.0,0.021505376344086,Manual,0/93,1ID,H1I,WAMHAA,0001 AR HQ     DIV HQ AND HQ B,D0113487,FORT RILEY,KS,O49A,O4,,,,66442,39.1714753,-96.7798588,2.0,93.0,0.021505376344086,0.1176470588235294,1.0,0.8823529411764706,1.0,0.25,65.9,Market,2856789,,,,Manhattan,KS,39.18361,-96.57167,11.2,67.2,54239.0,-0.019,Available,3.0,3.0,1.0,True,True,True,0.3,2.0,0.7,1.0,Available,Evaluated,Topeka,39.0473,-95.6752,59.8,Kansas City International Airport,MCI,39.301699,-94.713893,99.7,2025-01 to 2025-12,Reported scheduled international service,Riley County,20161,97.2,97.2,Regional screen met,Address verification required,800.0,0.0223601095645368,0.59,29.5,ACS county resident estimate,76.9,Provisional regional proxy,"Percentage of population with access to fixed terrestrial broadband service at 100/20 Mbps or higher advertised speeds, as of June 2024.",2020–2024 ACS 5-year,"County containing the support-city center; regional proxy, not city/address data",community-v1,Manhattan High School,200918000853,2087.0,2024-25,Provisional city proxy — boundary/admission review pending,3.0,4.0,,-5.0,-3.0,,,,Provisional — partial evidence,"Public high-school enrollment screen. Grades 9–12. Postal-city candidates require geographic review; largest eligible campus is not yet certified. School attendance depends on home address. Arts/STEM scores are evidence floors, not final ratings; unresolved higher levels remain possible. No baseline pass/fail classification is made. SAT participation is confidence context; blank scores mean unverified; see SAT lookup status.",https://www.usd383.org/56186_4,"[""https://educationdata.urban.org/api/v1/schools/ccd/directory/2024/?ncessch=200918000853"", ""https://educationdata.urban.org/api/v1/schools/crdc/offerings/2021/?ncessch=200918000853"", ""https://www.usd383.org/56186_4""]",1.0-screening,"[3, 10]","[4, 10]",2026-09-27,20.0,Yes,2021-22,Not yet researched,,,No automated provider configured; blank is not evidence of unavailable scores.
2856745,ORSA Officer,8.0,0.075268817204301,Manual,12/93,CYB,CYH,W6UXAA,W6UX US ARMY CYBER COMMAND,D0113471,FT GORDON,GA,O49A,O4,,,,30905,33.3578877,-82.2402132,7.0,93.0,0.075268817204301,0.4117647058823529,1.0,0.5882352941176471,3.0,0.5,65.6,Market,2856745,,,,Aiken,SC,33.56042,-81.71955,33.1,64.2,32521.0,0.0603,Available,3.0,3.0,1.0,True,True,True,2.7,3.9,3.4,1.0,Available,Partial data,Atlanta,33.749,-84.388,126.6,Charleston International Airport,CHS,32.896159,-80.038151,107.5,2025-01 to 2025-12,Reported scheduled international service,Aiken County,45003,98.9,98.9,Regional screen met,Address verification required,1888.0,0.0245437054755342,0.647,32.4,ACS county resident estimate,79.0,Provisional regional proxy,"Percentage of population with access to fixed terrestrial broadband service at 100/20 Mbps or higher advertised speeds, as of June 2024.",2020–2024 ACS 5-year,"County containing the support-city center; regional proxy, not city/address data",community-v1,South Aiken High,450072001202,1349.0,2024-25,Provisional city proxy — boundary/admission review pending,2.0,3.0,4.0,-6.0,-4.0,0.0,1010.0,2025 graduates,Provisional screening,"Public high-school enrollment screen. Grades 9–12. Postal-city candidates require geographic review; largest eligible campus is not yet certified. School attendance depends on home address. Arts/STEM scores are evidence floors, not final ratings; unresolved higher levels remain possible. No baseline pass/fail classification is made. SAT participation is confidence context; blank scores mean unverified; see SAT lookup status.",https://www.acpsd.net/o/sahs/staff/,"[""https://educationdata.urban.org/api/v1/schools/ccd/directory/2024/?ncessch=450072001202"", ""https://educationdata.urban.org/api/v1/schools/crdc/offerings/2021/?ncessch=450072001202"", ""https://www.acpsd.net/o/sahs/staff/"", ""https://www.ed.sc.gov/data/test-scores/national-assessments/sat/sat-2025-schools/""]",1.0-screening,"[2, 10]","[3, 10]",2026-09-27,22.0,Yes,2021-22,Verified source,https://www.ed.sc.gov/data/test-scores/national-assessments/sat/sat-2025-schools/,"{""tested_count"": 173, ""percentage"": 58.24915824915829, ""denominator_note"": ""State-reported active grade-12 enrollment; latest SAT per student.""}",SC 2025 used because 2026 workbook heading conflicts with its cohort note.
2581135,STRATEGIC PLANNER,4.0,0.1827956989247312,Manual,0/93,ANC,ANC,W1C9AA,W1C9 ARLINGTON NATL CEM,D0020742,ARLINGTON,VA,O49A,O4,,,,22211,38.8769326,-77.0893094,17.0,93.0,0.1827956989247312,1.0,1.0,0.0,15.0,1.0,65.0,Market,2581135,,,,Bethesda,MD,38.98067,-77.10026,7.2,88.2,69397.0,0.0981,Available,3.0,3.0,1.0,True,True,True,0.2,0.5,2.5,1.0,Available,Evaluated,Richmond,37.5407,-77.436,94.2,Ronald Reagan Washington National Airport,DCA,38.8521,-77.037697,9.5,2025-01 to 2025-12,Reported scheduled international service,Montgomery County,24031,99.8,99.8,Regional screen met,Address verification required,45799.0,0.0815427948780036,2.151,100.0,ACS county resident estimate,99.9,Provisional regional proxy,"Percentage of population with access to fixed terrestrial broadband service at 100/20 Mbps or higher advertised speeds, as of June 2024.",2020–2024 ACS 5-year,"County containing the support-city center; regional proxy, not city/address data",community-v1,Bethesda-Chevy Chase High,240048000784,2377.0,2024-25,Provisional city proxy — boundary/admission review pending,2.0,5.0,6.0,-6.0,-2.0,2.0,1160.0,2024 graduates,Provisional screening,"Public high-school enrollment screen. Grades 9–12. Postal-city candidates require geographic review; largest eligible campus is not yet certified. School attendance depends on home address. B-CC selected for central Bethesda; Walter Johnson postal address is a different surrounding community. Legacy course-profile listings require current confirmation. Arts/STEM scores are evidence floors, not final ratings; unresolved higher levels remain possible. No baseline pass/fail classification is made. SAT participation is confidence context; blank scores mean unverified; see SAT lookup status.",https://www.montgomeryschoolsmd.org/schools/bcchs/about/bccprofile,"[""https://educationdata.urban.org/api/v1/schools/ccd/directory/2024/?ncessch=240048000784"", ""https://educationdata.urban.org/api/v1/schools/crdc/offerings/2021/?ncessch=240048000784"", ""https://ww2.montgomeryschoolsmd.org/departments/sharedaccountability/reports/2025/250109_2024%20SAT_ACT_Part%20and%20Perf.pdf"", ""https://www.montgomeryschoolsmd.org/schools/bcchs/about/bccprofile""]",1.0-screening,"[2, 10]","[5, 10]",2026-09-27,22.0,Yes,2021-22,Verified source,https://ww2.montgomeryschoolsmd.org/departments/sharedaccountability/reports/2025/250109_2024%20SAT_ACT_Part%20and%20Perf.pdf,"{""tested_count"": 442, ""percentage"": 79.6, ""denominator_note"": ""2024 graduates""}",Reviewed official campus result; PDF extraction not yet automated.
2856700,ORSA Officer,16.0,0.086021505376344,Manual,0/93,HRC,HRC,W6ED03,"W6ED HRC, MPRD SPT",D0113255,FT KNOX,KY,O49A,O4,,,,40121,37.8976552,-85.9038521,8.0,93.0,0.086021505376344,0.4705882352941177,1.0,0.5294117647058822,3.0,0.5,63.5,Market,2856700,,,,Louisville,KY,38.25424,-85.75941,25.9,67.2,624444.0,,Unavailable,,3.0,,,,,,,,0.45,Unmatched,Partial data,Frankfort,38.2009,-84.8777,59.6,Cincinnati Northern Kentucky International Airport,CVG,39.048801,-84.667801,80.5,2025-01 to 2025-12,Reported scheduled international service,Jefferson County,21111,97.6,97.6,Regional screen met,Address verification required,12260.0,0.0315356795604553,0.832,41.6,ACS county resident estimate,80.8,Provisional regional proxy,"Percentage of population with access to fixed terrestrial broadband service at 100/20 Mbps or higher advertised speeds, as of June 2024.",2020–2024 ACS 5-year,"County containing the support-city center; regional proxy, not city/address data",community-v1,Ballard High,210299000695,2148.0,2024-25,Provisional city proxy — boundary/admission review pending,2.0,4.0,,-6.0,-3.0,,,,Provisional — partial evidence,"Public high-school enrollment screen. Grades 9–12. Postal-city candidates require geographic review; largest eligible campus is not yet certified. School attendance depends on home address. Arts/STEM scores are evidence floors, not final ratings; unresolved higher levels remain possible. No baseline pass/fail classification is made. SAT participation is confidence context; blank scores mean unverified; see SAT lookup status.",https://sites.google.com/jefferson.kyschools.us/ballard-aol/academies-and-pathways,"[""https://educationdata.urban.org/api/v1/schools/ccd/directory/2024/?ncessch=210299000695"", ""https://educationdata.urban.org/api/v1/schools/crdc/offerings/2021/?ncessch=210299000695"", ""https://sites.google.com/jefferson.kyschools.us/ballard-aol/academies-and-pathways""]",1.0-screening,"[2, 10]","[4, 10]",2026-09-27,24.0,Yes,2021-22,Not yet researched,,,No automated provider configured; blank is not evidence of unavailable scores.
2882654,ORSA,53.0,0.0,Manual,0/93,FCO,3CS,WBG0AA,0003 CS HHC    HHC EXPEDITIONA,D0090165,FT BRAGG,NC,O49A,O3,,,,28310,35.140311,-79.1541465,0.0,93.0,0.0,0.0,0.3,1.0,3.0,0.5,62.5,Market,2882654,,,,Fayetteville,NC,35.05266,-78.87836,16.7,76.0,210815.0,0.0018,Available,3.0,3.0,1.0,True,True,True,4.7,5.5,1.6,1.0,Available,Partial data,Raleigh,35.7796,-78.6382,52.9,Raleigh-Durham International Airport,RDU,35.878659,-78.7873,57.3,2025-01 to 2025-12,Reported scheduled international service,Cumberland County,37051,96.9,96.9,Regional screen met,Address verification required,3238.0,0.0258411543127114,0.682,34.1,ACS county resident estimate,78.1,Provisional regional proxy,"Percentage of population with access to fixed terrestrial broadband service at 100/20 Mbps or higher advertised speeds, as of June 2024.",2020–2024 ACS 5-year,"County containing the support-city center; regional proxy, not city/address data",community-v1,Jack Britt High,370001102512,1940.0,2024-25,Provisional city proxy — boundary/admission review pending,2.0,4.0,,-6.0,-3.0,,,,Provisional — partial evidence,"Public high-school enrollment screen. Grades 9–12. Postal-city candidates require geographic review; largest eligible campus is not yet certified. School attendance depends on home address. Arts/STEM scores are evidence floors, not final ratings; unresolved higher levels remain possible. No baseline pass/fail classification is made. SAT participation is confidence context; blank scores mean unverified; see SAT lookup status.",https://ares.ccs.k12.nc.us/o/jb/staff?page_no=4,"[""https://ares.ccs.k12.nc.us/o/jb/staff?page_no=4"", ""https://educationdata.urban.org/api/v1/schools/ccd/directory/2024/?ncessch=370001102512"", ""https://educationdata.urban.org/api/v1/schools/crdc/offerings/2021/?ncessch=370001102512""]",1.0-screening,"[2, 10]","[4, 10]",2026-09-27,14.0,Yes,2021-22,Research incomplete,,,NC DPI SAT page provides state results; campus result still needs a school/district source.
2856335,ORSA Officer,68.0,0.043010752688172,Manual,0/93,AFA,AJJ,W1BT19,USAE Kirtland,D0123535,KIRTLAND AIR FORCE BASE,NM,O49A,O4,,,,87117,35.0011307,-106.5157255,4.0,93.0,0.043010752688172,0.2352941176470588,1.0,0.7647058823529411,1.0,0.25,61.8,Market,2856335,,,,Rio Rancho,NM,35.23338,-106.66447,18.1,89.6,108515.0,0.1279,Available,3.0,3.0,1.0,True,True,True,0.5,1.5,1.9,1.0,Available,Partial data,Santa Fe,35.687,-105.9378,57.5,City of Colorado Springs Municipal Airport,COS,38.805801,-104.700996,269.5,2025-01 to 2025-12,Reported scheduled international service,Sandoval County,35043,90.9,90.9,Below screening threshold,Insufficient regional coverage — verify address,2294.0,0.0330086190770824,0.871,43.5,ACS county resident estimate,,Blocked — internet coverage,"Percentage of population with access to fixed terrestrial broadband service at 100/20 Mbps or higher advertised speeds, as of June 2024.",2020–2024 ACS 5-year,"County containing the support-city center; regional proxy, not city/address data",community-v1,CLEVELAND HIGH SCHOOL,350001001024,2596.0,2024-25,Provisional city proxy — boundary/admission review pending,8.0,5.0,,0.0,-2.0,,,,Provisional — partial evidence,"Public high-school enrollment screen. Grades 9–12. Postal-city candidates require geographic review; largest eligible campus is not yet certified. School attendance depends on home address. Arts/STEM scores are evidence floors, not final ratings; unresolved higher levels remain possible. No baseline pass/fail classification is made. SAT participation is confidence context; blank scores mean unverified; see SAT lookup status.",https://drive.google.com/file/d/1PVAAVXfLzfYaHgrcRC9rgc-4cJqSdS_O/view,"[""https://drive.google.com/file/d/1PVAAVXfLzfYaHgrcRC9rgc-4cJqSdS_O/view"", ""https://educationdata.urban.org/api/v1/schools/ccd/directory/2024/?ncessch=350001001024"", ""https://educationdata.urban.org/api/v1/schools/crdc/offerings/2021/?ncessch=350001001024""]",1.0-screening,"[8, 10]","[5, 10]",2026-09-27,18.0,Yes,2021-22,Not yet researched,,,No automated provider configured; blank is not evidence of unavailable scores.
2856799,ORSA Officer,59.0,0.043010752688172,Manual,0/93,1AD,H1A,WAPBAA,0001 AR HQ     DIV HQ AND HQ B,D0113490,FT BLISS,TX,O49A,O4,,,,79906,32.2463821,-106.3745306,4.0,93.0,0.043010752688172,0.2352941176470588,1.0,0.7647058823529411,1.0,0.25,61.8,Market,2856799,,,,Las Cruces,NM,32.31232,-106.77834,24.0,86.3,114197.0,0.1185,Available,3.0,3.0,1.0,True,True,True,1.5,2.0,2.4,1.0,Available,Evaluated,Austin,30.2672,-97.7431,527.7,Phoenix Sky Harbor International Airport,PHX,33.435302,-112.005905,313.1,2025-01 to 2025-12,Reported scheduled international service,Doña Ana County,35013,97.3,97.3,Regional screen met,Address verification required,2355.0,0.0246081504702194,0.649,32.5,ACS county resident estimate,77.9,Provisional regional proxy,"Percentage of population with access to fixed terrestrial broadband service at 100/20 Mbps or higher advertised speeds, as of June 2024.",2020–2024 ACS 5-year,"County containing the support-city center; regional proxy, not city/address data",community-v1,ORGAN MOUNTAIN HIGH SCHOOL,350150000720,2128.0,2024-25,Provisional city proxy — boundary/admission review pending,2.0,4.0,,-6.0,-3.0,,,,Provisional — partial evidence,"Public high-school enrollment screen. Grades 9–12. Postal-city candidates require geographic review; largest eligible campus is not yet certified. School attendance depends on home address. Arts/STEM scores are evidence floors, not final ratings; unresolved higher levels remain possible. No baseline pass/fail classification is made. SAT participation is confidence context; blank scores mean unverified; see SAT lookup status.",https://omhs.lcps.net/staff/,"[""https://educationdata.urban.org/api/v1/schools/ccd/directory/2024/?ncessch=350150000720"", ""https://educationdata.urban.org/api/v1/schools/crdc/offerings/2021/?ncessch=350150000720"", ""https://omhs.lcps.net/staff/""]",1.0-screening,"[2, 10]","[4, 10]",2026-09-27,28.0,Yes,2021-22,Not yet researched,,,No automated provider configured; blank is not evidence of unavailable scores.
2856752,ORSA Officer,9.0,0.0967741935483871,Manual,0/93,CYB,CYH,W6UXAA,W6UX US ARMY CYBER COMMAND,D0113473,FT GORDON,GA,O49A,O4,,,,30905,33.3578877,-82.2402132,9.0,93.0,0.0967741935483871,0.5294117647058824,1.0,0.4705882352941176,3.0,0.5,61.5,Market,2856752,,,,Aiken,SC,33.56042,-81.71955,33.1,64.2,32521.0,0.0603,Available,3.0,3.0,1.0,True,True,True,2.7,3.9,3.4,1.0,Available,Partial data,Atlanta,33.749,-84.388,126.6,Charleston International Airport,CHS,32.896159,-80.038151,107.5,2025-01 to 2025-12,Reported scheduled international service,Aiken County,45003,98.9,98.9,Regional screen met,Address verification required,1888.0,0.0245437054755342,0.647,32.4,ACS county resident estimate,79.0,Provisional regional proxy,"Percentage of population with access to fixed terrestrial broadband service at 100/20 Mbps or higher advertised speeds, as of June 2024.",2020–2024 ACS 5-year,"County containing the support-city center; regional proxy, not city/address data",community-v1,South Aiken High,450072001202,1349.0,2024-25,Provisional city proxy — boundary/admission review pending,2.0,3.0,4.0,-6.0,-4.0,0.0,1010.0,2025 graduates,Provisional screening,"Public high-school enrollment screen. Grades 9–12. Postal-city candidates require geographic review; largest eligible campus is not yet certified. School attendance depends on home address. Arts/STEM scores are evidence floors, not final ratings; unresolved higher levels remain possible. No baseline pass/fail classification is made. SAT participation is confidence context; blank scores mean unverified; see SAT lookup status.",https://www.acpsd.net/o/sahs/staff/,"[""https://educationdata.urban.org/api/v1/schools/ccd/directory/2024/?ncessch=450072001202"", ""https://educationdata.urban.org/api/v1/schools/crdc/offerings/2021/?ncessch=450072001202"", ""https://www.acpsd.net/o/sahs/staff/"", ""https://www.ed.sc.gov/data/test-scores/national-assessments/sat/sat-2025-schools/""]",1.0-screening,"[2, 10]","[3, 10]",2026-09-27,22.0,Yes,2021-22,Verified source,https://www.ed.sc.gov/data/test-scores/national-assessments/sat/sat-2025-schools/,"{""tested_count"": 173, ""percentage"": 58.24915824915829, ""denominator_note"": ""State-reported active grade-12 enrollment; latest SAT per student.""}",SC 2025 used because 2026 workbook heading conflicts with its cohort note.
2856708,ORSA Officer,17.0,0.0967741935483871,Manual,0/93,HRC,HRC,W6ED03,"W6ED HRC, MPRD SPT",D0113259,FT KNOX,KY,O49A,O4,,,,40121,37.8976552,-85.9038521,9.0,93.0,0.0967741935483871,0.5294117647058824,1.0,0.4705882352941176,3.0,0.5,61.5,Market,2856708,,,,Louisville,KY,38.25424,-85.75941,25.9,67.2,624444.0,,Unavailable,,3.0,,,,,,,,0.45,Unmatched,Partial data,Frankfort,38.2009,-84.8777,59.6,Cincinnati Northern Kentucky International Airport,CVG,39.048801,-84.667801,80.5,2025-01 to 2025-12,Reported scheduled international service,Jefferson County,21111,97.6,97.6,Regional screen met,Address verification required,12260.0,0.0315356795604553,0.832,41.6,ACS county resident estimate,80.8,Provisional regional proxy,"Percentage of population with access to fixed terrestrial broadband service at 100/20 Mbps or higher advertised speeds, as of June 2024.",2020–2024 ACS 5-year,"County containing the support-city center; regional proxy, not city/address data",community-v1,Ballard High,210299000695,2148.0,2024-25,Provisional city proxy — boundary/admission review pending,2.0,4.0,,-6.0,-3.0,,,,Provisional — partial evidence,"Public high-school enrollment screen. Grades 9–12. Postal-city candidates require geographic review; largest eligible campus is not yet certified. School attendance depends on home address. Arts/STEM scores are evidence floors, not final ratings; unresolved higher levels remain possible. No baseline pass/fail classification is made. SAT participation is confidence context; blank scores mean unverified; see SAT lookup status.",https://sites.google.com/jefferson.kyschools.us/ballard-aol/academies-and-pathways,"[""https://educationdata.urban.org/api/v1/schools/ccd/directory/2024/?ncessch=210299000695"", ""https://educationdata.urban.org/api/v1/schools/crdc/offerings/2021/?ncessch=210299000695"", ""https://sites.google.com/jefferson.kyschools.us/ballard-aol/academies-and-pathways""]",1.0-screening,"[2, 10]","[4, 10]",2026-09-27,24.0,Yes,2021-22,Not yet researched,,,No automated provider configured; blank is not evidence of unavailable scores.
2856557,ORSA Officer,69.0,0.075268817204301,Manual,0/93,AFC,CFT,W0HBAA,W0HB TM NGCV CFT,D0061288,DETROIT ARSENAL,MI,O49A,O4,,,,48091,42.4974118,-83.0410055,7.0,93.0,0.075268817204301,0.4117647058823529,1.0,0.5882352941176471,2.0,0.3962406251802891,61.4,Market,2856557,,,,Troy,MI,42.60559,-83.14993,9.3,90.6,87898.0,0.0465,Available,3.0,3.0,1.0,True,True,True,1.1,2.4,3.4,1.0,Available,Partial data,Lansing,42.7325,-84.5555,78.7,Detroit Metropolitan Wayne County Airport,DTW,42.21377,-83.353786,29.0,2025-01 to 2025-12,Reported scheduled international service,Oakland County,26125,99.2,99.2,Regional screen met,Address verification required,36420.0,0.0548643530841991,1.447,72.4,ACS county resident estimate,91.2,Provisional regional proxy,"Percentage of population with access to fixed terrestrial broadband service at 100/20 Mbps or higher advertised speeds, as of June 2024.",2020–2024 ACS 5-year,"County containing the support-city center; regional proxy, not city/address data",community-v1,Troy High School,263426006966,2032.0,2024-25,Provisional city proxy — boundary/admission review pending,7.0,4.0,7.0,-1.0,-3.0,3.0,1188.0,2025,Provisional screening,"Public high-school enrollment screen. Grades 9–12. Postal-city candidates require geographic review; largest eligible campus is not yet certified. School attendance depends on home address. Arts/STEM scores are evidence floors, not final ratings; unresolved higher levels remain possible. No baseline pass/fail classification is made. SAT participation is confidence context; blank scores mean unverified; see SAT lookup status.",https://troycounselingdepartment.weebly.com/uploads/3/8/1/1/38114659/10th_grade_planning_guide-troy_high_2025-2026.pdf,"[""https://educationdata.urban.org/api/v1/schools/ccd/directory/2024/?ncessch=263426006966"", ""https://educationdata.urban.org/api/v1/schools/crdc/offerings/2021/?ncessch=263426006966"", ""https://resources.finalsite.net/images/v1765973603/troyk12mius/troyk12mius/nesekvuzxgfqaet8i2jd/THSProfile2024-2025.pdf"", ""https://troycounselingdepartment.weebly.com/uploads/3/8/1/1/38114659/10th_grade_planning_guide-troy_high_2025-2026.pdf""]",1.0-screening,"[7, 10]","[4, 10]",2026-09-27,25.0,Yes,2021-22,Verified source,https://resources.finalsite.net/images/v1765973603/troyk12mius/troyk12mius/nesekvuzxgfqaet8i2jd/THSProfile2024-2025.pdf,"{""tested_count"": 532, ""percentage"": null, ""note"": ""Not divided by graduating class; cohorts may differ.""}",No automated provider configured; blank is not evidence of unavailable scores.
2856321,(G5) ORSA OFFICER,48.0,0.053763440860215,Manual,3/93,THR,ARA,WATGAA,0000 HQ HSC    MCP HQ (USARCEN,D0123526,SHAW AFB,SC,O49A,O4,,,,29168,33.9736956,-80.4664914,5.0,93.0,0.053763440860215,0.2941176470588235,1.0,0.7058823529411764,1.0,0.25,59.7,Market,2856321,,,,Sumter,SC,33.92044,-80.34147,8.1,67.9,43053.0,0.0817,Available,2.0,3.0,0.667,True,False,True,3.6,,3.3,1.0,Available,Partial data,Columbia,34.0007,-81.0348,32.6,Charleston International Airport,CHS,32.896159,-80.038151,72.9,2025-01 to 2025-12,Reported scheduled international service,Sumter County,45085,95.3,95.3,Regional screen met,Address verification required,830.0,0.0201339025810207,0.531,26.6,ACS county resident estimate,74.7,Provisional regional proxy,"Percentage of population with access to fixed terrestrial broadband service at 100/20 Mbps or higher advertised speeds, as of June 2024.",2020–2024 ACS 5-year,"County containing the support-city center; regional proxy, not city/address data",community-v1,Sumter High School,450390201065,2122.0,2024-25,Provisional city proxy — boundary/admission review pending,,3.0,4.0,,-4.0,0.0,987.0,2025 graduates,Provisional — partial evidence,"Public high-school enrollment screen. Grades 9–12. Postal-city candidates require geographic review; largest eligible campus is not yet certified. School attendance depends on home address. Arts/STEM scores are evidence floors, not final ratings; unresolved higher levels remain possible. No baseline pass/fail classification is made. SAT participation is confidence context; blank scores mean unverified; see SAT lookup status.",https://educationdata.urban.org/api/v1/schools/ccd/directory/2024/?ncessch=450390201065,"[""https://educationdata.urban.org/api/v1/schools/ccd/directory/2024/?ncessch=450390201065"", ""https://educationdata.urban.org/api/v1/schools/crdc/offerings/2021/?ncessch=450390201065"", ""https://www.ed.sc.gov/data/test-scores/national-assessments/sat/sat-2025-schools/""]",1.0-screening,"[1, 10]","[3, 10]",2026-09-27,6.0,Yes,2021-22,Verified source,https://www.ed.sc.gov/data/test-scores/national-assessments/sat/sat-2025-schools/,"{""tested_count"": 124, ""percentage"": 28.054298642533897, ""denominator_note"": ""State-reported active grade-12 enrollment; latest SAT per student.""}",SC 2025 used because 2026 workbook heading conflicts with its cohort note.
2581109,Combat Operations Analyst,35.0,0.1290322580645161,Manual,10/93,AFC,RAC,W4AE06,W4AE TRAC LEE,D0020732,FT LEE,VA,O49A,O4,,,,23801,37.2354475,-77.3305507,12.0,93.0,0.1290322580645161,0.7058823529411764,1.0,0.2941176470588236,4.0,0.5804820237218405,58.5,Market,2581109,,,,Chester,VA,37.35682,-77.44165,10.4,75.2,24474.0,0.1108,Available,3.0,3.0,1.0,True,True,True,1.6,1.8,1.3,1.0,Available,Partial data,Richmond,37.5407,-77.436,21.9,Ronald Reagan Washington National Airport,DCA,38.8521,-77.037697,105.6,2025-01 to 2025-12,Reported scheduled international service,Chesterfield County,51041,98.7,98.7,Regional screen met,Address verification required,8142.0,0.0425445196889892,1.122,56.1,ACS county resident estimate,85.9,Provisional regional proxy,"Percentage of population with access to fixed terrestrial broadband service at 100/20 Mbps or higher advertised speeds, as of June 2024.",2020–2024 ACS 5-year,"County containing the support-city center; regional proxy, not city/address data",community-v1,Thomas Dale High,510084000350,2582.0,2024-25,Provisional city proxy — boundary/admission review pending,7.0,4.0,,-1.0,-3.0,,,,Provisional — partial evidence,"Public high-school enrollment screen. Grades 9–12. Postal-city candidates require geographic review; largest eligible campus is not yet certified. School attendance depends on home address. Arts includes audition/application specialty center; family access requires confirmation. Arts/STEM scores are evidence floors, not final ratings; unresolved higher levels remain possible. No baseline pass/fail classification is made. SAT participation is confidence context; blank scores mean unverified; see SAT lookup status.",https://bonaires.oneccps.org/o/tdhs/page/specialty-center,"[""https://bonaires.oneccps.org/o/tdhs/page/specialty-center"", ""https://educationdata.urban.org/api/v1/schools/ccd/directory/2024/?ncessch=510084000350"", ""https://educationdata.urban.org/api/v1/schools/crdc/offerings/2021/?ncessch=510084000350""]",1.0-screening,"[7, 10]","[4, 10]",2026-09-27,18.0,Yes,2021-22,Not yet researched,,,No automated provider configured; blank is not evidence of unavailable scores.
2856763,ORSA Officer,58.0,0.064516129032258,Manual,0/93,2ID,H2I,WAH401,0002 AR HQ     REPL INBOUND,D0113479,CAMP HUMPHREYS,KOR,O49A,O4,,,,OCONUS,,,6.0,93.0,0.064516129032258,0.3529411764705882,1.0,0.6470588235294118,1.0,0.25,57.6,Market,2856763,,,,,,,,,,,,,,,,,,,,,,,,Outside CONUS,,,,,,,,,,,Pending enrichment,,,,,Pending enrichment,Unknown — address verification required,,,,,Pending enrichment,,Pending enrichment,,,,,,,,,,,,,,,,,,No support city — school not assessed,,,,,,,,,,,,,,
2856630,ORSA Officer,7.0,0.064516129032258,Manual,0/93,AFC,CFT,W0HGAA,W0HG TM SL CFT,D0113221,FORT BENNING,GA,O49A,O4,,,,31905,32.3944604,-84.8062645,6.0,93.0,0.064516129032258,0.3529411764705882,1.0,0.6470588235294118,1.0,0.25,57.6,Market,2856630,,,,Columbus,GA,32.46098,-84.98771,11.5,90.6,203711.0,0.0407,Available,3.0,3.0,1.0,True,True,True,2.9,5.2,2.0,1.0,Available,Evaluated,Atlanta,33.749,-84.388,96.7,Hartsfield Jackson Atlanta International Airport,ATL,33.6367,-84.428101,87.5,2025-01 to 2025-12,Reported scheduled international service,Muscogee County,13215,97.9,97.9,Regional screen met,Address verification required,2247.0,0.0267630629235698,0.706,35.3,ACS county resident estimate,79.1,Provisional regional proxy,"Percentage of population with access to fixed terrestrial broadband service at 100/20 Mbps or higher advertised speeds, as of June 2024.",2020–2024 ACS 5-year,"County containing the support-city center; regional proxy, not city/address data",community-v1,Northside High School,130387002583,1405.0,2024-25,Provisional city proxy — boundary/admission review pending,,4.0,,,-3.0,,,,Provisional — partial evidence,"Public high-school enrollment screen. Grades 9–12. Postal-city candidates require geographic review; largest eligible campus is not yet certified. School attendance depends on home address. Arts/STEM scores are evidence floors, not final ratings; unresolved higher levels remain possible. No baseline pass/fail classification is made. SAT participation is confidence context; blank scores mean unverified; see SAT lookup status.",https://educationdata.urban.org/api/v1/schools/ccd/directory/2024/?ncessch=130387002583,"[""https://educationdata.urban.org/api/v1/schools/ccd/directory/2024/?ncessch=130387002583"", ""https://educationdata.urban.org/api/v1/schools/crdc/offerings/2021/?ncessch=130387002583""]",1.0-screening,"[1, 10]","[4, 10]",2026-09-27,19.0,Yes,2021-22,Not yet researched,,,No automated provider configured; blank is not evidence of unavailable scores.
2856473,Operations Research Analyst,72.0,0.064516129032258,Manual,0/93,STA,RHQ,W1BMAA,W1BM USAE HQ STRATEGIC COMMAND,D0019871,OFFUTT AFB,NE,O49A,O4,,,,68113,41.1183758,-95.9101309,6.0,93.0,0.064516129032258,0.3529411764705882,1.0,0.6470588235294118,1.0,0.25,57.6,Market,2856473,,,,Omaha,NE,41.25626,-95.94043,9.7,87.7,488837.0,0.0273,Available,3.0,3.0,1.0,True,True,True,0.3,4.4,4.7,1.0,Available,Partial data,Lincoln,40.8136,-96.7026,46.4,Kansas City International Airport,MCI,39.301699,-94.713893,149.7,2025-01 to 2025-12,Reported scheduled international service,Douglas County,31055,98.7,98.7,Regional screen met,Address verification required,14855.0,0.0482737778008865,1.273,63.7,ACS county resident estimate,88.2,Provisional regional proxy,"Percentage of population with access to fixed terrestrial broadband service at 100/20 Mbps or higher advertised speeds, as of June 2024.",2020–2024 ACS 5-year,"County containing the support-city center; regional proxy, not city/address data",community-v1,CENTRAL HIGH SCHOOL,317482001363,2587.0,2024-25,Provisional city proxy — boundary/admission review pending,2.0,4.0,,-6.0,-3.0,,,,Provisional — partial evidence,"Public high-school enrollment screen. Grades 9–12. Postal-city candidates require geographic review; largest eligible campus is not yet certified. School attendance depends on home address. Arts/STEM scores are evidence floors, not final ratings; unresolved higher levels remain possible. No baseline pass/fail classification is made. SAT participation is confidence context; blank scores mean unverified; see SAT lookup status.",https://central.ops.org/activities-athletics/activities-fine-arts-directory/performing-arts,"[""https://central.ops.org/activities-athletics/activities-fine-arts-directory/performing-arts"", ""https://educationdata.urban.org/api/v1/schools/ccd/directory/2024/?ncessch=317482001363"", ""https://educationdata.urban.org/api/v1/schools/crdc/offerings/2021/?ncessch=317482001363""]",1.0-screening,"[2, 10]","[4, 10]",2026-09-27,20.0,Yes,2021-22,Not yet researched,,,No automated provider configured; blank is not evidence of unavailable scores.
2851982,ORSA,10.0,0.0967741935483871,Manual,11/93,CYB,CYH,W6UXAA,W6UX US ARMY CYBER COMMAND,D0054000,FT GORDON,GA,O49A,O5,,,,30905,33.3578877,-82.2402132,9.0,93.0,0.0967741935483871,0.5294117647058824,0.8,0.4705882352941176,3.0,0.5,56.5,Market,2851982,,,,Aiken,SC,33.56042,-81.71955,33.1,64.2,32521.0,0.0603,Available,3.0,3.0,1.0,True,True,True,2.7,3.9,3.4,1.0,Available,Partial data,Atlanta,33.749,-84.388,126.6,Charleston International Airport,CHS,32.896159,-80.038151,107.5,2025-01 to 2025-12,Reported scheduled international service,Aiken County,45003,98.9,98.9,Regional screen met,Address verification required,1888.0,0.0245437054755342,0.647,32.4,ACS county resident estimate,79.0,Provisional regional proxy,"Percentage of population with access to fixed terrestrial broadband service at 100/20 Mbps or higher advertised speeds, as of June 2024.",2020–2024 ACS 5-year,"County containing the support-city center; regional proxy, not city/address data",community-v1,South Aiken High,450072001202,1349.0,2024-25,Provisional city proxy — boundary/admission review pending,2.0,3.0,4.0,-6.0,-4.0,0.0,1010.0,2025 graduates,Provisional screening,"Public high-school enrollment screen. Grades 9–12. Postal-city candidates require geographic review; largest eligible campus is not yet certified. School attendance depends on home address. Arts/STEM scores are evidence floors, not final ratings; unresolved higher levels remain possible. No baseline pass/fail classification is made. SAT participation is confidence context; blank scores mean unverified; see SAT lookup status.",https://www.acpsd.net/o/sahs/staff/,"[""https://educationdata.urban.org/api/v1/schools/ccd/directory/2024/?ncessch=450072001202"", ""https://educationdata.urban.org/api/v1/schools/crdc/offerings/2021/?ncessch=450072001202"", ""https://www.acpsd.net/o/sahs/staff/"", ""https://www.ed.sc.gov/data/test-scores/national-assessments/sat/sat-2025-schools/""]",1.0-screening,"[2, 10]","[3, 10]",2026-09-27,22.0,Yes,2021-22,Verified source,https://www.ed.sc.gov/data/test-scores/national-assessments/sat/sat-2025-schools/,"{""tested_count"": 173, ""percentage"": 58.24915824915829, ""denominator_note"": ""State-reported active grade-12 enrollment; latest SAT per student.""}",SC 2025 used because 2026 workbook heading conflicts with its cohort note.
2851964,CONCEPTS BR CH,73.0,0.075268817204301,Manual,0/93,AFC,CFT,W0HBAA,W0HB TM NGCV CFT,D0053820,DETROIT ARSENAL,MI,O49A,O5,,,,48091,42.4974118,-83.0410055,7.0,93.0,0.075268817204301,0.4117647058823529,0.8,0.5882352941176471,2.0,0.3962406251802891,56.4,Market,2851964,,,,Troy,MI,42.60559,-83.14993,9.3,90.6,87898.0,0.0465,Available,3.0,3.0,1.0,True,True,True,1.1,2.4,3.4,1.0,Available,Partial data,Lansing,42.7325,-84.5555,78.7,Detroit Metropolitan Wayne County Airport,DTW,42.21377,-83.353786,29.0,2025-01 to 2025-12,Reported scheduled international service,Oakland County,26125,99.2,99.2,Regional screen met,Address verification required,36420.0,0.0548643530841991,1.447,72.4,ACS county resident estimate,91.2,Provisional regional proxy,"Percentage of population with access to fixed terrestrial broadband service at 100/20 Mbps or higher advertised speeds, as of June 2024.",2020–2024 ACS 5-year,"County containing the support-city center; regional proxy, not city/address data",community-v1,Troy High School,263426006966,2032.0,2024-25,Provisional city proxy — boundary/admission review pending,7.0,4.0,7.0,-1.0,-3.0,3.0,1188.0,2025,Provisional screening,"Public high-school enrollment screen. Grades 9–12. Postal-city candidates require geographic review; largest eligible campus is not yet certified. School attendance depends on home address. Arts/STEM scores are evidence floors, not final ratings; unresolved higher levels remain possible. No baseline pass/fail classification is made. SAT participation is confidence context; blank scores mean unverified; see SAT lookup status.",https://troycounselingdepartment.weebly.com/uploads/3/8/1/1/38114659/10th_grade_planning_guide-troy_high_2025-2026.pdf,"[""https://educationdata.urban.org/api/v1/schools/ccd/directory/2024/?ncessch=263426006966"", ""https://educationdata.urban.org/api/v1/schools/crdc/offerings/2021/?ncessch=263426006966"", ""https://resources.finalsite.net/images/v1765973603/troyk12mius/troyk12mius/nesekvuzxgfqaet8i2jd/THSProfile2024-2025.pdf"", ""https://troycounselingdepartment.weebly.com/uploads/3/8/1/1/38114659/10th_grade_planning_guide-troy_high_2025-2026.pdf""]",1.0-screening,"[7, 10]","[4, 10]",2026-09-27,25.0,Yes,2021-22,Verified source,https://resources.finalsite.net/images/v1765973603/troyk12mius/troyk12mius/nesekvuzxgfqaet8i2jd/THSProfile2024-2025.pdf,"{""tested_count"": 532, ""percentage"": null, ""note"": ""Not divided by graduating class; cohorts may differ.""}",No automated provider configured; blank is not evidence of unavailable scores.
2583675,Combat Operations Analyst,61.0,0.053763440860215,Manual,0/93,AFC,RAC,W4AE04,W4AE TRAC WSMR,D0021239,WHITE SANDS MISSILE RANGE,NM,O49A,O3,,,,88002,33.0658459,-106.545628,5.0,93.0,0.053763440860215,0.2941176470588235,0.3,0.7058823529411764,4.0,0.5804820237218405,55.4,Market,2583675,,,,,,,,,,,,,,,,,,,,,,,,No nearby candidates,Santa Fe,35.687,-105.9378,184.4,,,,,,,Pending enrichment,,,,,Pending enrichment,Unknown — address verification required,,,,,Pending enrichment,,Pending enrichment,,,,,,,,,,,,,,,,,,No support city — school not assessed,,,,,,,,,,,,,,
2998530,DATA SCIENTIST_49B_J5_EMOD,18.0,0.043010752688172,Manual,0/93,HRC,HRC,W6ED37,W6ED PERSINSD,08672142,FT KNOX,KY,O49A,O3,,,,40121,37.8976552,-85.9038521,4.0,93.0,0.043010752688172,0.2352941176470588,0.3,0.7647058823529411,3.0,0.5,54.3,Market,2998530,,,,Louisville,KY,38.25424,-85.75941,25.9,67.2,624444.0,,Unavailable,,3.0,,,,,,,,0.45,Unmatched,Partial data,Frankfort,38.2009,-84.8777,59.6,Cincinnati Northern Kentucky International Airport,CVG,39.048801,-84.667801,80.5,2025-01 to 2025-12,Reported scheduled international service,Jefferson County,21111,97.6,97.6,Regional screen met,Address verification required,12260.0,0.0315356795604553,0.832,41.6,ACS county resident estimate,80.8,Provisional regional proxy,"Percentage of population with access to fixed terrestrial broadband service at 100/20 Mbps or higher advertised speeds, as of June 2024.",2020–2024 ACS 5-year,"County containing the support-city center; regional proxy, not city/address data",community-v1,Ballard High,210299000695,2148.0,2024-25,Provisional city proxy — boundary/admission review pending,2.0,4.0,,-6.0,-3.0,,,,Provisional — partial evidence,"Public high-school enrollment screen. Grades 9–12. Postal-city candidates require geographic review; largest eligible campus is not yet certified. School attendance depends on home address. Arts/STEM scores are evidence floors, not final ratings; unresolved higher levels remain possible. No baseline pass/fail classification is made. SAT participation is confidence context; blank scores mean unverified; see SAT lookup status.",https://sites.google.com/jefferson.kyschools.us/ballard-aol/academies-and-pathways,"[""https://educationdata.urban.org/api/v1/schools/ccd/directory/2024/?ncessch=210299000695"", ""https://educationdata.urban.org/api/v1/schools/crdc/offerings/2021/?ncessch=210299000695"", ""https://sites.google.com/jefferson.kyschools.us/ballard-aol/academies-and-pathways""]",1.0-screening,"[2, 10]","[4, 10]",2026-09-27,24.0,Yes,2021-22,Not yet researched,,,No automated provider configured; blank is not evidence of unavailable scores.
2851935,CHIEF ASSESSMENT OFFIC,65.0,0.064516129032258,Manual,0/93,P8O,P8H,WJS701,0000 HQ HHB    ARMY REPL INBND,D0053183,CAMP HUMPHREYS,KOR,O49A,O5,,,,OCONUS,,,6.0,93.0,0.064516129032258,0.3529411764705882,0.8,0.6470588235294118,1.0,0.25,52.6,Market,2851935,,,,,,,,,,,,,,,,,,,,,,,,Outside CONUS,,,,,,,,,,,Pending enrichment,,,,,Pending enrichment,Unknown — address verification required,,,,,Pending enrichment,,Pending enrichment,,,,,,,,,,,,,,,,,,No support city — school not assessed,,,,,,,,,,,,,,
2852182,CHIEF ORSA,75.0,0.064516129032258,Manual,0/93,SAT,6WS,W0J7AA,W0J7 USA COMBAT READINESS CTR,D0064879,FT RUCKER,AL,O49A,O5,,,,36362,31.3499557,-85.7140361,6.0,93.0,0.064516129032258,0.3529411764705882,0.8,0.6470588235294118,1.0,0.25,52.6,Market,2852182,,,,Dothan,AL,31.22323,-85.39049,21.0,80.9,71514.0,0.0533,Available,3.0,3.0,1.0,True,True,True,1.8,4.4,1.7,1.0,Available,Evaluated,Montgomery,32.3777,-86.3006,78.9,Hartsfield Jackson Atlanta International Airport,ATL,33.6367,-84.428101,175.9,2025-01 to 2025-12,Reported scheduled international service,Houston County,01069,90.2,90.2,Below screening threshold,Insufficient regional coverage — verify address,675.0,0.0142681998816267,0.376,18.8,ACS county resident estimate,,Blocked — internet coverage,"Percentage of population with access to fixed terrestrial broadband service at 100/20 Mbps or higher advertised speeds, as of June 2024.",2020–2024 ACS 5-year,"County containing the support-city center; regional proxy, not city/address data",community-v1,Dothan High School,010123001501,1588.0,2024-25,Provisional city proxy — boundary/admission review pending,2.0,,,-6.0,,,,,Provisional — partial evidence,"Public high-school enrollment screen. Grades 10–12. Postal-city candidates require geographic review; largest eligible campus is not yet certified. School attendance depends on home address. Enrollment excludes the separately reported grade-9 campus. Missing science evidence is not evidence of absent science instruction. Arts/STEM scores are evidence floors, not final ratings; unresolved higher levels remain possible. No baseline pass/fail classification is made. SAT participation is confidence context; blank scores mean unverified; see SAT lookup status.",https://arts.alabama.gov/vaap/2025.html,"[""https://arts.alabama.gov/vaap/2025.html"", ""https://educationdata.urban.org/api/v1/schools/ccd/directory/2024/?ncessch=010123001501"", ""https://educationdata.urban.org/api/v1/schools/crdc/offerings/2021/?ncessch=010123001501""]",1.0-screening,"[2, 10]","[1, 10]",2026-09-27,17.0,Yes,2021-22,Not yet researched,,,No automated provider configured; blank is not evidence of unavailable scores.
2879807,W47U31 SO (FORESIGHT ANALYSIS),54.0,0.064516129032258,Manual,0/93,NTO,NCS,W47U30,W47U ACT JFTC,D0058038,BYDGOSZCZ,PL,O49A,O5,,,,OCONUS,,,6.0,93.0,0.064516129032258,0.3529411764705882,0.8,0.6470588235294118,1.0,0.25,52.6,Market,2879807,,,,,,,,,,,,,,,,,,,,,,,,Outside CONUS,,,,,,,,,,,Pending enrichment,,,,,Pending enrichment,Unknown — address verification required,,,,,Pending enrichment,,Pending enrichment,,,,,,,,,,,,,,,,,,No support city — school not assessed,,,,,,,,,,,,,,
2856769,G35_ORSA,51.0,0.0967741935483871,Manual,0/93,25I,H25,WKFN90,KNK,D0113470,SCHOFIELD BRKS,HI,O49A,O4,,,,OCONUS,,,9.0,93.0,0.0967741935483871,0.5294117647058824,1.0,0.4705882352941176,1.0,0.25,51.5,Market,2856769,,,,,,,,,,,,,,,,,,,,,,,,Outside CONUS,,,,,,,,,,,Pending enrichment,,,,,Pending enrichment,Unknown — address verification required,,,,,Pending enrichment,,Pending enrichment,,,,,,,,,,,,,,,,,,No support city — school not assessed,,,,,,,,,,,,,,
2879840,SENIOR OPERATIONS RESEARCH OFFICER,5.0,0.1397849462365591,Manual,0/93,DLA,DGD,W1A122,W1A1 DEF DIST RICHMOND,D0058106,RICHMOND,VA,O49A,O5,,,,23219,37.5385087,-77.43428,13.0,93.0,0.1397849462365591,0.7647058823529411,0.8,0.2352941176470588,4.0,0.5804820237218405,51.5,Market,2879840,,,,Richmond,VA,37.55376,-77.46026,1.8,79.3,229359.0,0.0121,Unavailable,,3.0,,,,,,,,0.6,Available,Partial data,Richmond,37.5407,-77.436,0.2,Ronald Reagan Washington National Airport,DCA,38.8521,-77.037697,92.6,2025-01 to 2025-12,Reported scheduled international service,Richmond city,51760,99.7,99.7,Regional screen met,Address verification required,5893.0,0.0476309791306315,1.256,62.8,ACS county resident estimate,88.6,Provisional regional proxy,"Percentage of population with access to fixed terrestrial broadband service at 100/20 Mbps or higher advertised speeds, as of June 2024.",2020–2024 ACS 5-year,"County containing the support-city center; regional proxy, not city/address data",community-v1,Huguenot High,510324002083,1469.0,2024-25,Provisional city proxy — boundary/admission review pending,,4.0,,,-3.0,,,,Provisional — partial evidence,"Public high-school enrollment screen. Grades 9–12. Postal-city candidates require geographic review; largest eligible campus is not yet certified. School attendance depends on home address. Selected from Richmond independent-city schools (county 51760), excluding Henrico postal-address schools. Arts/STEM scores are evidence floors, not final ratings; unresolved higher levels remain possible. No baseline pass/fail classification is made. SAT participation is confidence context; blank scores mean unverified; see SAT lookup status.",https://educationdata.urban.org/api/v1/schools/ccd/directory/2024/?ncessch=510324002083,"[""https://educationdata.urban.org/api/v1/schools/ccd/directory/2024/?ncessch=510324002083"", ""https://educationdata.urban.org/api/v1/schools/crdc/offerings/2021/?ncessch=510324002083""]",1.0-screening,"[1, 10]","[4, 10]",2026-09-27,13.0,Yes,2021-22,Not yet researched,,,No automated provider configured; blank is not evidence of unavailable scores.
2881097,OPS RSRCH ANLST (ORSA),2.0,0.1290322580645161,Manual,0/93,SOC,SOT,W6Z4AA,W6Z4 USAE SOC NORTH,D0063081,PETERSON SFB,CO,O49A,O4,,,,80914,38.8318574,-104.7087462,12.0,93.0,0.1290322580645161,0.7058823529411764,1.0,0.2941176470588236,2.0,0.3962406251802891,51.1,Market,2881097,,,,Colorado Springs,CO,38.83388,-104.82136,6.1,94.0,487887.0,0.0495,Unavailable,,3.0,,,,,,,,0.6,Available,Partial data,Denver,39.7392,-104.9903,64.5,City of Colorado Springs Municipal Airport,COS,38.805801,-104.700996,6.8,2025-01 to 2025-12,Reported scheduled international service,El Paso County,08041,99.0,99.0,Regional screen met,Address verification required,21882.0,0.0625947560229073,1.651,82.6,ACS county resident estimate,94.1,Provisional regional proxy,"Percentage of population with access to fixed terrestrial broadband service at 100/20 Mbps or higher advertised speeds, as of June 2024.",2020–2024 ACS 5-year,"County containing the support-city center; regional proxy, not city/address data",community-v1,Pine Creek High School,080192001645,1875.0,2024-25,Provisional city proxy — boundary/admission review pending,7.0,4.0,5.0,-1.0,-3.0,1.0,1094.0,"2026 spring, grade 11",Provisional screening,"Public high-school enrollment screen. Grades 9–12. Postal-city candidates require geographic review; largest eligible campus is not yet certified. School attendance depends on home address. Arts/STEM scores are evidence floors, not final ratings; unresolved higher levels remain possible. No baseline pass/fail classification is made. SAT participation is confidence context; blank scores mean unverified; see SAT lookup status.",https://pinecreek.asd20.org/arts/,"[""https://asd20websitestorage.blob.core.windows.net/website-files/Pine-Creek-High-School/PCHS%20Class%20of%202028%20Freshmen%20Course%20Selection%20Form.pdf"", ""https://ed.cde.state.co.us/fs/resource-manager/view/326112fb-532d-4197-9902-a36104cd5573"", ""https://educationdata.urban.org/api/v1/schools/ccd/directory/2024/?ncessch=080192001645"", ""https://educationdata.urban.org/api/v1/schools/crdc/offerings/2021/?ncessch=080192001645"", ""https://pinecreek.asd20.org/arts/""]",1.0-screening,"[7, 10]","[4, 10]",2026-09-27,23.0,Yes,2021-22,Verified source,https://ed.cde.state.co.us/fs/resource-manager/view/326112fb-532d-4197-9902-a36104cd5573,"{""tested_count"": 452, ""percentage"": 98.0, ""denominator_note"": ""Spring grade-11 SAT, not graduating-senior cohort.""}",School-day grade-11 SAT; cohort differs from graduate reports.
2851925,PANEL EXEC OFCR (SAS),11.0,0.086021505376344,Manual,0/93,NTO,MAN,W0VX06,"W0VX NATO COLL SPT OFF, STO",D0053080,PARIS,AE,O49A,O5,,,,OCONUS,,,8.0,93.0,0.086021505376344,0.4705882352941177,0.8,0.5294117647058822,1.0,0.25,48.5,Market,2851925,,,,,,,,,,,,,,,,,,,,,,,,Outside CONUS,,,,,,,,,,,Pending enrichment,,,,,Pending enrichment,Unknown — address verification required,,,,,Pending enrichment,,Pending enrichment,,,,,,,,,,,,,,,,,,No support city — school not assessed,,,,,,,,,,,,,,
2857015,ORSA,1.0,0.1182795698924731,Manual,0/93,T2C,TCH,W2T2AA,"W2T2 HQ, T2COM",D0113773,AUSTIN,TX,O49A,O4,,,,78701,30.2711286,-97.7436995,11.0,93.0,0.1182795698924731,0.6470588235294118,1.0,0.3529411764705882,1.0,0.25,47.4,Market,2857015,,,,Austin,TX,30.26715,-97.74306,0.3,93.9,979539.0,0.0302,Available,3.0,3.0,1.0,True,True,True,0.1,0.6,1.0,1.0,Available,Partial data,Austin,30.2672,-97.7431,0.3,Austin Bergstrom International Airport,AUS,30.197535,-97.662015,6.8,2025-01 to 2025-12,Reported scheduled international service,Travis County,48453,96.7,96.7,Regional screen met,Address verification required,63045.0,0.0826180398118177,2.179,100.0,ACS county resident estimate,97.7,Provisional regional proxy,"Percentage of population with access to fixed terrestrial broadband service at 100/20 Mbps or higher advertised speeds, as of June 2024.",2020–2024 ACS 5-year,"County containing the support-city center; regional proxy, not city/address data",community-v1,BOWIE H S,480894006508,2876.0,2024-25,Provisional city proxy — boundary/admission review pending,7.0,4.0,6.0,-1.0,-3.0,2.0,1120.0,2023-24,Provisional screening,"Public high-school enrollment screen. Grades 9–12. Postal-city candidates require geographic review; largest eligible campus is not yet certified. School attendance depends on home address. Bowie selected instead of Lake Travis, whose Austin postal address is outside the city. Arts/STEM scores are evidence floors, not final ratings; unresolved higher levels remain possible. No baseline pass/fail classification is made. SAT participation is confidence context; blank scores mean unverified; see SAT lookup status.",https://bowie.austinschools.org/counseling/course-scheduling/fine-arts,"[""https://bowie.austinschools.org/counseling/course-scheduling/fine-arts"", ""https://educationdata.urban.org/api/v1/schools/ccd/directory/2024/?ncessch=480894006508"", ""https://educationdata.urban.org/api/v1/schools/crdc/offerings/2021/?ncessch=480894006508"", ""https://www.austinisd.org/sites/default/files/dept/cda/docs/campus-tapr/2024-2025/227901013.pdf""]",1.0-screening,"[7, 10]","[4, 10]",2026-09-27,24.0,Yes,2021-22,Verified source,https://www.austinisd.org/sites/default/files/dept/cda/docs/campus-tapr/2024-2025/227901013.pdf,"{""percentage"": null, ""denominator_note"": ""99.6% is combined SAT/ACT, not SAT-only.""}",Reviewed official campus result; PDF extraction not yet automated.
2851843,CHIEF CYBER BR,62.0,0.1290322580645161,Manual,0/93,JNT,SPC,W3BM22,W3BM US SPACE CMD FWD HUNTSVIL,D0045438,REDSTONE ARSENAL,AL,O49A,O5,,,,35898,34.6297568,-86.6535802,12.0,93.0,0.1290322580645161,0.7058823529411764,0.8,0.2941176470588236,2.0,0.3962406251802891,46.1,Market,2851843,,,,Huntsville,AL,34.7304,-86.58594,7.9,95.5,222791.0,0.1354,Available,3.0,3.0,1.0,True,True,True,0.2,4.6,0.7,1.0,Available,Partial data,Montgomery,32.3777,-86.3006,156.9,Nashville International Airport,BNA,36.1245,-86.6782,96.5,2025-01 to 2025-12,Reported scheduled international service,Madison County,01089,98.5,98.5,Regional screen met,Address verification required,16849.0,0.0825915178133762,2.179,100.0,ACS county resident estimate,98.9,Provisional regional proxy,"Percentage of population with access to fixed terrestrial broadband service at 100/20 Mbps or higher advertised speeds, as of June 2024.",2020–2024 ACS 5-year,"County containing the support-city center; regional proxy, not city/address data",community-v1,Virgil Grissom High School,010180000629,1847.0,2024-25,Provisional city proxy — boundary/admission review pending,2.0,4.0,,-6.0,-3.0,,,,Provisional — partial evidence,"Public high-school enrollment screen. Grades 9–12. Postal-city candidates require geographic review; largest eligible campus is not yet certified. School attendance depends on home address. Arts/STEM scores are evidence floors, not final ratings; unresolved higher levels remain possible. No baseline pass/fail classification is made. SAT participation is confidence context; blank scores mean unverified; see SAT lookup status.",https://www.grissomchoir.com/about.html,"[""https://educationdata.urban.org/api/v1/schools/ccd/directory/2024/?ncessch=010180000629"", ""https://educationdata.urban.org/api/v1/schools/crdc/offerings/2021/?ncessch=010180000629"", ""https://www.grissomchoir.com/about.html""]",1.0-screening,"[2, 10]","[4, 10]",2026-09-27,25.0,Yes,2021-22,Not yet researched,,,No automated provider configured; blank is not evidence of unavailable scores.
2882601,BDE MKTG OFF,52.0,0.064516129032258,Manual,0/93,REC,2RB,W06TAA,W06T 2ND RECRUITING BDE,D0089359,REDSTONE ARSENAL,AL,O49A,O3,,,,35898,34.6297568,-86.6535802,6.0,93.0,0.064516129032258,0.3529411764705882,0.3,0.6470588235294118,2.0,0.3962406251802891,46.0,Market,2882601,,,,Huntsville,AL,34.7304,-86.58594,7.9,95.5,222791.0,0.1354,Available,3.0,3.0,1.0,True,True,True,0.2,4.6,0.7,1.0,Available,Partial data,Montgomery,32.3777,-86.3006,156.9,Nashville International Airport,BNA,36.1245,-86.6782,96.5,2025-01 to 2025-12,Reported scheduled international service,Madison County,01089,98.5,98.5,Regional screen met,Address verification required,16849.0,0.0825915178133762,2.179,100.0,ACS county resident estimate,98.9,Provisional regional proxy,"Percentage of population with access to fixed terrestrial broadband service at 100/20 Mbps or higher advertised speeds, as of June 2024.",2020–2024 ACS 5-year,"County containing the support-city center; regional proxy, not city/address data",community-v1,Virgil Grissom High School,010180000629,1847.0,2024-25,Provisional city proxy — boundary/admission review pending,2.0,4.0,,-6.0,-3.0,,,,Provisional — partial evidence,"Public high-school enrollment screen. Grades 9–12. Postal-city candidates require geographic review; largest eligible campus is not yet certified. School attendance depends on home address. Arts/STEM scores are evidence floors, not final ratings; unresolved higher levels remain possible. No baseline pass/fail classification is made. SAT participation is confidence context; blank scores mean unverified; see SAT lookup status.",https://www.grissomchoir.com/about.html,"[""https://educationdata.urban.org/api/v1/schools/ccd/directory/2024/?ncessch=010180000629"", ""https://educationdata.urban.org/api/v1/schools/crdc/offerings/2021/?ncessch=010180000629"", ""https://www.grissomchoir.com/about.html""]",1.0-screening,"[2, 10]","[4, 10]",2026-09-27,25.0,Yes,2021-22,Not yet researched,,,No automated provider configured; blank is not evidence of unavailable scores.
2856258,ASSESSMENT OFFICER,46.0,0.1290322580645161,Manual,0/93,8TS,8TH,WGQ1AA,0008 CS HHC    HHC THEATER SUS,D0123486,FT SHAFTER,HI,O49A,O4,,,,OCONUS,,,12.0,93.0,0.1290322580645161,0.7058823529411764,1.0,0.2941176470588236,1.0,0.25,45.3,Market,2856258,,,,,,,,,,,,,,,,,,,,,,,,Outside CONUS,,,,,,,,,,,Pending enrichment,,,,,Pending enrichment,Unknown — address verification required,,,,,Pending enrichment,,Pending enrichment,,,,,,,,,,,,,,,,,,No support city — school not assessed,,,,,,,,,,,,,,
2581050,PROGRAMMING ANALYST,34.0,0.1290322580645161,Manual,0/93,PAC,PHQ,W093AA,W093 USA ELE HQ PACOM,D0020717,CP SMITH,HI,O49A,O4,,,,OCONUS,,,12.0,93.0,0.1290322580645161,0.7058823529411764,1.0,0.2941176470588236,1.0,0.25,45.3,Market,2581050,,,,,,,,,,,,,,,,,,,,,,,,Outside CONUS,,,,,,,,,,,Pending enrichment,,,,,Pending enrichment,Unknown — address verification required,,,,,Pending enrichment,,Pending enrichment,,,,,,,,,,,,,,,,,,No support city — school not assessed,,,,,,,,,,,,,,
2859468,ORSA,12.0,0.043010752688172,Manual,0/93,E1O,MDE,WKETAA,0000 MT CMD MDC-E (EUROPE),D0062294,MAINZ KASTEL,NKN,O49A,O3,,,,OCONUS,,,4.0,93.0,0.043010752688172,0.2352941176470588,0.3,0.7647058823529411,1.0,0.25,44.3,Market,2859468,,,,,,,,,,,,,,,,,,,,,,,,Outside CONUS,,,,,,,,,,,Pending enrichment,,,,,Pending enrichment,Unknown — address verification required,,,,,Pending enrichment,,Pending enrichment,,,,,,,,,,,,,,,,,,No support city — school not assessed,,,,,,,,,,,,,,
2582733,Combat Operations Analyst,37.0,0.064516129032258,Manual,0/93,AFC,RAC,W4AE01,W4AE TRAC MONTEREY,D0021260,MONTEREY,CA,O49A,O3,,,,93944,36.2231079,-121.387742,6.0,93.0,0.064516129032258,0.3529411764705882,0.3,0.6470588235294118,1.0,0.25,40.1,Market,2582733,,,,Salinas,CA,36.67774,-121.6555,34.8,75.9,161761.0,0.036,Available,3.0,3.0,1.0,True,True,True,0.1,2.6,2.7,1.0,Available,Partial data,Sacramento,38.5816,-121.4944,163.1,Mineta San Jose International Airport,SJC,37.362452,-121.929188,49.7,2025-01 to 2025-12,Reported scheduled international service,Monterey County,06053,99.4,99.4,Regional screen met,Address verification required,3330.0,0.0178298931812705,0.47,23.5,ACS county resident estimate,76.6,Provisional regional proxy,"Percentage of population with access to fixed terrestrial broadband service at 100/20 Mbps or higher advertised speeds, as of June 2024.",2020–2024 ACS 5-year,"County containing the support-city center; regional proxy, not city/address data",community-v1,Alisal High,063398005332,2742.0,2024-25,Provisional city proxy — boundary/admission review pending,2.0,4.0,,-6.0,-3.0,,,,Provisional — partial evidence,"Public high-school enrollment screen. Grades 9–12. Postal-city candidates require geographic review; largest eligible campus is not yet certified. School attendance depends on home address. Arts/STEM scores are evidence floors, not final ratings; unresolved higher levels remain possible. No baseline pass/fail classification is made. SAT participation is confidence context; blank scores mean unverified; see SAT lookup status.",https://www.salinasuhsd.org/Departments/Instructional-Services/Proposition-28,"[""https://educationdata.urban.org/api/v1/schools/ccd/directory/2024/?ncessch=063398005332"", ""https://educationdata.urban.org/api/v1/schools/crdc/offerings/2021/?ncessch=063398005332"", ""https://www.salinasuhsd.org/Departments/Instructional-Services/Proposition-28""]",1.0-screening,"[2, 10]","[4, 10]",2026-09-27,13.0,Yes,2021-22,Not yet researched,,,No automated provider configured; blank is not evidence of unavailable scores.
2851928,"Chief, J26/8X",3.0,0.1720430107526881,Manual,0/93,NCM,NHQ,W6C8AA,W6C8 USAE NORTHCOM INTELLI CTR,D0053090,PETERSON SFB,CO,O49A,O5,,,,80914,38.8318574,-104.7087462,16.0,93.0,0.1720430107526881,0.9411764705882354,0.8,0.0588235294117646,2.0,0.3962406251802891,37.9,Market,2851928,,,,Colorado Springs,CO,38.83388,-104.82136,6.1,94.0,487887.0,0.0495,Unavailable,,3.0,,,,,,,,0.6,Available,Partial data,Denver,39.7392,-104.9903,64.5,City of Colorado Springs Municipal Airport,COS,38.805801,-104.700996,6.8,2025-01 to 2025-12,Reported scheduled international service,El Paso County,08041,99.0,99.0,Regional screen met,Address verification required,21882.0,0.0625947560229073,1.651,82.6,ACS county resident estimate,94.1,Provisional regional proxy,"Percentage of population with access to fixed terrestrial broadband service at 100/20 Mbps or higher advertised speeds, as of June 2024.",2020–2024 ACS 5-year,"County containing the support-city center; regional proxy, not city/address data",community-v1,Pine Creek High School,080192001645,1875.0,2024-25,Provisional city proxy — boundary/admission review pending,7.0,4.0,5.0,-1.0,-3.0,1.0,1094.0,"2026 spring, grade 11",Provisional screening,"Public high-school enrollment screen. Grades 9–12. Postal-city candidates require geographic review; largest eligible campus is not yet certified. School attendance depends on home address. Arts/STEM scores are evidence floors, not final ratings; unresolved higher levels remain possible. No baseline pass/fail classification is made. SAT participation is confidence context; blank scores mean unverified; see SAT lookup status.",https://pinecreek.asd20.org/arts/,"[""https://asd20websitestorage.blob.core.windows.net/website-files/Pine-Creek-High-School/PCHS%20Class%20of%202028%20Freshmen%20Course%20Selection%20Form.pdf"", ""https://ed.cde.state.co.us/fs/resource-manager/view/326112fb-532d-4197-9902-a36104cd5573"", ""https://educationdata.urban.org/api/v1/schools/ccd/directory/2024/?ncessch=080192001645"", ""https://educationdata.urban.org/api/v1/schools/crdc/offerings/2021/?ncessch=080192001645"", ""https://pinecreek.asd20.org/arts/""]",1.0-screening,"[7, 10]","[4, 10]",2026-09-27,23.0,Yes,2021-22,Verified source,https://ed.cde.state.co.us/fs/resource-manager/view/326112fb-532d-4197-9902-a36104cd5573,"{""tested_count"": 452, ""percentage"": 98.0, ""denominator_note"": ""Spring grade-11 SAT, not graduating-senior cohort.""}",School-day grade-11 SAT; cohort differs from graduate reports.
CURRENT-NBTX,Current assignment — New Braunfels baseline,,,,,,,,Current command — details pending,,NEW BRAUNFELS,TX,,,,,,78130,29.703,-98.1245,,,,,,,,,,Current,current-nbtx,1297.0,1361.0,"User-reported reliable AT&T service, measured at modem.",New Braunfels,TX,29.703,-98.12445,0.0,100.0,104643.0,0.3173,Available,3.0,3.0,1.0,True,True,True,1.1,3.6,1.3,1.0,Available,Evaluated,Austin,30.2672,-97.7431,45.2,San Antonio International Airport,SAT,29.533701,-98.469803,23.8,2025-01 to 2025-12,Reported scheduled international service,Comal County,48091,96.9,96.9,Regional screen met,"Current service: user-reported reliable AT&T, 1297 Mbps down / 1361 Mbps up at modem. Regional screen shown separately.",2662.0,0.0300431122045911,0.793,39.6,ACS county resident estimate,79.7,Provisional regional proxy,"Percentage of population with access to fixed terrestrial broadband service at 100/20 Mbps or higher advertised speeds, as of June 2024.",2020–2024 ACS 5-year,"County containing the support-city center; regional proxy, not city/address data",community-v1,"Canyon High School, Comal ISD, New Braunfels TX",481473000967,2414.0,2024-25,User-selected current baseline,8.0,7.0,4.0,0.0,0.0,0.0,995.0,2023-24,Provisional screening,"CHS accepted baseline; campus-column science audit remains pending. Arts/STEM scores are evidence floors, not final ratings; unresolved higher levels remain possible. No baseline pass/fail classification is made. SAT participation is confidence context; blank scores mean unverified; see SAT lookup status.",https://educationdata.urban.org/api/v1/schools/ccd/directory/2024/?ncessch=481473000967,"[""https://4.files.edl.io/be86/12/19/25/153233-04a264c2-99e1-499c-9f77-dae41e0a4206.pdf"", ""https://cdnc.heyzine.com/files/uploaded/v3/46cf3a8913e6facb5311cd11f2236d3dd1191cce-5.pdf"", ""https://chs.comalisd.org/apps/events/2026/5/7/31378163/?REC_ID=31378163&id=u2798850"", ""https://educationdata.urban.org/api/v1/schools/ccd/directory/2024/?ncessch=481473000967"", ""https://educationdata.urban.org/api/v1/schools/crdc/offerings/2021/?ncessch=481473000967"", ""https://www.comalisd.org/apps/pages/CTE/stem""]",1.0-screening,"[8, 10]","[7, 10]",2026-09-27,6.0,Yes,2021-22,Verified source,https://4.files.edl.io/be86/12/19/25/153233-04a264c2-99e1-499c-9f77-dae41e0a4206.pdf,,No automated provider configured; blank is not evidence of unavailable scores.
